marca,equipo,item,descripcion,nro_parte,cod_comercial,observacion,unidad,stock,ubicacion
FAMBITION,FL04,1,FILTRO DIESEL,1206019021,,,UND,0,A
FAMBITION,FL04,2,FILTRO  COMBUSTIBLE ALTA PRECISIÓN,1418101011,22296415,,UND,8,A
FAMBITION,FL04,3,ELEMENTO FILTRANTE DE ACEITE HIDRÁULICO,1205002561,P161365,,UND,2,A
FAMBITION,FL04,4,FILTRO DE AIRE,1205002521,,,UND,2,A
FAMBITION,FL04,5,ELEMENTO FILTRANTE DE COMBUSTIBLE ,1615402011,24360739,,UND,2,A
FAMBITION,FL04,6,FILTRO SEPARADOR DE AGUA,,WK 1070 X,FALTA INDICAR N/P,UND,1,A
FAMBITION,FL04,7,ELEMENTO FILTRANTE SEPARADOR DE AGUA-COMBUSTIBLE,1418402011,21538975,,UND,1,A FT 15
FAMBITION,FL04,8,FILTRO ADMISION FL04 MOTOR VOLVO ,,P608676,,UND,0,A
FAMBITION,FL04,9,FILTRO ADMISION FL04 MOTOR VOLVO ,,P601560,,UND,0,A
FAMBITION,FL04,10,FILTRO SEPARADOR DE AGUA,1232420011,FS36226,,UND,5,A
FAMBITION,FL04,11,FILTRO DE ACEITE DE MOTOR -VOLVO,1369108911,24063084,VOLVO,UND,5,B FL 07
FAMBITION,FL04,12,ENGINE OIL FILTER ,1206019031,,,UND,1,A
FAMBITION,FL04,13,ELEMENTO FILTRANTE DE ACEITE DE TRANSMISION,1205301001,P165569,,UND,8,A
FAMBITION,FL04,14,KIT DE REPARACION PARA CILINDRO DE ELEVACION ,1229108505,,,UND,13,C
FAMBITION,FL04,15,LYFT CYLINDER KIT,1229108504,,,UND,2,C
FAMBITION,FL04,16,DUMP CYLINDER KIT,1205101504,,,UND,0,C
FAMBITION,FL04,17,KIT DE REPARACIÓN DEL CILINDRO DE DIRECCIÓN ,1218501505,,1 MOTOR VOLVO 1 MOTOR DEUTZ,UND,11,C
FAMBITION,FL04,18,STEERING CYLINDER KIT - CILINDRO DIRECCION,1218501504,,,UND,1,C
FAMBITION,FL04,19,KIT DE SELLOS DE CILINDRO  LEVANTE,1205108242,,,UND,2,C
FAMBITION,FL04,20,KIT DE REPARACIÓN DEL CILINDRO DE DIRECCIÓN,1218501231,,,UND,6,C
FAMBITION,FL04,21,FERRULE KIT,1200000601,,,UND,1,C
FAMBITION,FL04,22,KIT DE REPARACION,12721500,,,UND,1,C
FAMBITION,FL04,23,KIT DE REPARACION DE CONVERTIDOR DE PAR,12711400,,,UND,1,A
FAMBITION,FL04,24,KIT DE REPARACION PARA CILINDRO DE VOLTEO,1205101505,,,UND,12,C
FAMBITION,FL04,25,SENSOR ALTA PRESION FILTRO TRANSMISION,1324500161,,,UND,1,B
FAMBITION,FL04,26,SENSOR DE TEMPERATURA DE ACEITE,980779001,,,UND,1,B
FAMBITION,FL04,27,SENSOR DE TEMPERATURA ACEITE HIDRAULICO,1405000561,,,UND,2,B
FAMBITION,FL04,28,SELENOIDE BOMBA DE INYECCION,,,FALTA INDICAR N/P,UND,1,B
FAMBITION,FL04,29,SELLO (SEAL PINON ),1207081231,,,UND,1,B
FAMBITION,FL04,30,SELLO DE ACEITE ESQUELETO,1302000141,,,UND,2,B
FAMBITION,FL04,31,ORING,3105013011,,,UND,2,B
FAMBITION,FL04,32,ORING,1205100151,,MOTOR DEUTZ,UND,1,B
FAMBITION,FL04,33,ORING,514250011,,MOTOR DEUTZ,UND,1,B
FAMBITION,FL04,34,ORING,514180011,,MOTOR DEUTZ,UND,1,B
FAMBITION,FL04,35,ORING,1205100141,,MOTOR DEUTZ,UND,2,B
FAMBITION,FL04,36,FUSE HOLDER,980710001,,MOTOR DEUTZ,UND,3,B
FAMBITION,FL04,37,FUSE LINK,980711001,,MOTOR DEUTZ,UND,3,B
FAMBITION,FL04,38,VALVE COVER GASKET,1206019081,,,UND,9,C
FAMBITION,FL04,39,VALVULA DE ACELERADOR,1205303001,,,UND,1,B
FAMBITION,FL04,40,VALVULA DE RECARGA,1205207001,,,UND,1,B
FAMBITION,FL04,41,VALVULA ELECTROMAGNETICA,1405401221,,,UND,1,B
FAMBITION,FL04,42,VALVULA DE DESCARGA,1405401112,,,UND,1,B
FAMBITION,FL04,43,VALVULA SOLENOIDE DE ESTACIONAMIENTO,1205205001,,,UND,2,B
FAMBITION,FL04,44,COMPONENTE VALVULA DE PEDAL VALVE ASSEMBLY,1324411001,,,UND,2,B
FAMBITION,FL04,45,CONJUNTO DE JUNTA UNIVERSAL,1207043032,,,UND,2,B
FAMBITION,FL04,46,MANGO DE GOMA,1203122001,,,UND,0,C
FAMBITION,FL04,47,PEDAL DE ACELERADOR,1615011011,,,UND,0,B
FAMBITION,FL04,48,BOBINA DE TRANSMISIÓN,12721011,,,UND,4,C
FAMBITION,FL04,49,ACTUADOR DE ACELERADOR,1206010601,,,UND,1,B
FAMBITION,FL04,50,COJINETE DE ARTICULACIÓN,1302000161,,,UND,2,B
FAMBITION,FL04,51,ARANDELA,1201500081,,,UND,4,B
FAMBITION,FL04,52,BUJE DELANTERO DEL BRAZO,1201202043,,,UND,4,B
FAMBITION,FL04,53,BUJE DELANTERO DEL BRAZO LEVANTE,1201202044,,,UND,2,B
FAMBITION,FL04,54,BUJE DEL BRAZO ARTICULADO,1201302012,,,UND,2,B
FAMBITION,FL04,55,ESPACIADOR DEL RODAMIENTO,1207040021,,,UND,1,C
FAMBITION,FL04,56,LUZ DE ADVERTENCIA,980786012,,,UND,1,C
FAMBITION,FL04,57,LUZ DE ADVERTENCIA,980786013,,,UND,1,C
FAMBITION,FL04,58,BOMBA DE ACEITE DE TRANSMISION,1205302001,,,UND,1,B
FAMBITION,FL04,59,BOMBA HIDRAULICA DE FRENOS (SIN RETEN),,,FALTA INDICAR N/P,UND,1,B
FAMBITION,FL04,60,BOMBA HIDRULICA DE SERVICIOS ,,,REPARADOS,UND,1,B
FAMBITION,FL04,61,BOMBA HIDRAULICA TANDEN,,,REPARADOS,UND,1,PISO
FAMBITION,FL04,62,BOCINA LINK LADO VASTAGO ,,,FALTA INDICAR N/P,UND,1,B
FAMBITION,FL04,63,GENERADOR ,1206019071,,,UND,2,B
FAMBITION,FL04,64,MOTOR DE ARRANQUE / ARRANCADOR,1306010151,,,UND,2,B
FAMBITION,FL04,65,MANGO DE OPERACIÓN DE TRABAJO,1205117002,,,UND,1,B
FAMBITION,FL04,66,MANIJA DE OPERACIÓN DE DIRECCION,1205500122,,,UND,1,B
FAMBITION,FL04,67,INDICADOR DE TEMPERATURA DE ACEITE,980770001,,,UND,1,B
FAMBITION,FL04,68,INYECTORES VOLVO,,21785960,FALTA INDICAR N/P,UND,4,C
FAMBITION,FL04,69,BULON CILINDRO DIRECCION ,,,FALTA INDICAR N/P,UND,1,B
FAMBITION,FL04,70,REPUESTO SCOOPTRAM (SE REEMPLAZO DE MOTOR CUMMINS),,,FALTA INDICAR N/P,UND,1,C
FAMBITION,FL04,71,PEDAL ACELERADOR ,,,FALTA INDICAR N/P,UND,1,B
FAMBITION,FL04,72,BOTÓN DE PARQUEO,980824001,,,UND,2,C
FAMBITION,FL04,73,VALVE COVER GASKET,120619081,,MOTOR DEUTZ,UND,2,C
FAMBITION,FL04,74,JUNTA UNIVERSAL,1226010131,,,UND,6,B
FAMBITION,FL04,74,CILINDRO DE VOLTEO,1205101005,,,UND,0,AFUERA
FAMBITION,FL04,75,CILINDRO DE ELEVACION,1229108005,,,UND,1,AFUERA
FAMBITION,FL07,1,FILTRO CARTUCHO DE ACEITE DE TRANSMISION,1324501011,P766959,FL10/ FL07/FT/15,UND,11,B
FAMBITION,FL07,2,FILTRO DE AIRE FRESCO DE PAPEL,2311510061,,,UND,8,A-FT15
FAMBITION,FL07,3,FILTRO DE RETORNO DE AIRE ACONDICIONADO (TELA NO TEJIDA),1420611221,,,UND,8,E
FAMBITION,FL07,4,ELEMENTO FILTRANTE DE COMBUSTIBLE,1418101011,22296415,,UND,13,B
FAMBITION,FL07,5,FILTRO DE ACEITE DE MOTOR ,23958443,,VOLVO,UND,5,B
FAMBITION,FL07,6,FILTRO DE AIRE PRIMARIO - DONALSON,,P608677,,UND,2,H
FAMBITION,FL07,7,ELEMENTO FILTRANTE DE COMBUSTIBLE ,1615402011,24360739,,UND,10,B
FAMBITION,FL07,8,FILTRO  COMBUSTIBLE FINO VOLVO,1418101011,22296415,,UND,2,B
FAMBITION,FL07,9,ELEMENTO FILTRANTE DE ACEITE,1418101021,23958443,,UND,3,A FT15
FAMBITION,FL07,10,BASE DE FILTRO HIDRAULICO RETORNO,1405000511,,,UND,6,A
FAMBITION,FL07,11,BASE DE FILTRO HIDRAULICO RETORNO,1405000411,,,UND,8,A
FAMBITION,FL07,12,FILTRO VOLVO,24063084,,,UND,0,B
FAMBITION,FL07,13,FILTRO DE RETORNO,1405000511,FC1275,,UND,3,E
FAMBITION,FL07,14,FILTRO DE RETORNO,1405000411,FC1073,,UND,1,E
FAMBITION,FL07,15,FILTRO PRIMARIO,2218201013,P622056,,UND,8,I
FAMBITION,FL07,16,FILTRO DE AIRE SECUNDARIO,2218201022,P607557,,UND,6,E
FAMBITION,FL07,17,FILTRO DE ACEITE DEL MOTOR - VOLVO,1369108911,24063084,,UND,9,B
FAMBITION,FL07,18,ELEMENTO FILTRANTE EXTERIOR DE FILTRO DE AIRE,2218201012,,,UND,0,
FAMBITION,FL07,19,ELEMENTO SEPARADOR AGUA COMBUSTIBLE,1418402011,,,UND,10,B
FAMBITION,FL07,20,KIT DE SELLOS x identificar,,,PENDIENTE IDENTIFICACION,UND,2,A
FAMBITION,FL07,21,KIT DE REPARACION PARA CONVERTIDOR DE PAR,12711400,,,UND,1,A
FAMBITION,FL07,22,KIT DE REPARACION PARA CILINDRO DE VOLTEO,1305103507,,,UND,6,A
FAMBITION,FL07,23,KIT DE REPARACION,1326030321,,,UND,1,A
FAMBITION,FL07,24,DUMP CYLINDER KIT- CILINDRO DE DIRECCIÓN,1305202508,,,UND,8,A
FAMBITION,FL07,25,DUMP CYLINDER KIT- KIT DE REPARACIÓN DE CILINDRO DE VOLCADO,1305103509,,,UND,3,A
FAMBITION,FL07,26,DUMP CYLINDER KIT,1305103508,,,UND,0,A
FAMBITION,FL07,27, KIT DE REPARACION DEL CILINDRO DE ELEVACION,1305102508,,,UND,3,A
FAMBITION,FL07,28,DUMP CYLINDER KIT,13055103507,,,UND,0,
FAMBITION,FL07,29,SENSOR VELOCIDAD DE MOTOR,1607019061,,,UND,1,C
FAMBITION,FL07,30,SENSOR DE VELOCIDAD,1325110231,,,UND,1,C
FAMBITION,FL07,31,SENSOR DE TEMPERATURA DE ACEITE HIDRÁULICO,1405000561,,,UND,1,C
FAMBITION,FL07,32,SENSOR DE PRESION POST TURBO ALIMENTADO,1325110191,,,UND,1,C
FAMBITION,FL07,33,SENSOR DE PRESION DEL RIEL ,21880678,21880678,FALTA N/P,UND,1,C
FAMBITION,FL07,34,SENSOR DE NIVEL DE AGUA,1418501031,,,UND,1,C
FAMBITION,FL07,35,SENSOR DE NIVEL DE ACEITE,1325110241,,,UND,1,C
FAMBITION,FL07,36,SENSOR DE BAJA PRESION SISTEMA DE FRENO,1405000272,,,UND,1,C
FAMBITION,FL07,37,SENSOR DE PRESION RIEL COMUN,1325110221,,,UND,0,
FAMBITION,FL07,38,SENSOR DE PRESION ACEITE/COMBUSTIBLE,1325110211,,,UND,0,
FAMBITION,FL07,39,SENSOR,1405529001,,,UND,0,
FAMBITION,FL07,40,SENSOR  VOP3885070,,VOP3885070,,UND,1,C
FAMBITION,FL07,41,FUSIBLE LINK,980709001,,,UND,3,C
FAMBITION,FL07,42,SENSOR DE TEMPERATURA ,,VOP21531072,,UND,1,C
FAMBITION,FL07,43,FUSIBLE LINK,980713001,,,UND,3,C
FAMBITION,FL07,45,PORTA FUSIBLE,980710001,,,UND,4,C
FAMBITION,FL07,46,VALVULA DE SECUENCIA,1405406011,,,UND,3,F
FAMBITION,FL07,47,LUZ,980784041,,,UND,4,C
FAMBITION,FL07,48,VALVULA PROPORCIONAL PILOTO,1405401252,,,UND,1,C
FAMBITION,FL07,49,VALVULA ACUMULADOR DE FRENO,1324301351,,,UND,3,D
FAMBITION,FL07,50,VALVULA DE AIRE CORTA (CON TUERCA),1407320001,,,UND,2,C
FAMBITION,FL07,52,VALVULA SOLENOIDE,1405401281,,,UND,1,C
FAMBITION,FL07,53,NUCLEO DE VALVULA,12721005,,,UND,4,C
FAMBITION,FL07,55,TAPA DE LLENADO ,,1674083,,UND,2,C
FAMBITION,FL07,56,TUBO DE SUCCION,1324111601,,,UND,1,D
FAMBITION,FL07,57,SELLO FLOTANTE,1407090282,,,UND,4,D
FAMBITION,FL07,58,JOYSTICK IZQUIERDO,980906011,,,UND,1,C
FAMBITION,FL07,59,JOYSTICK DERECHO,980907011,,,UND,1,C
FAMBITION,FL07,60,INTERRUPTOR DE NIVEL DE ACEITE,1405000541,,,UND,1,C
FAMBITION,FL07,61,GENERADOR / ALTERNADOR,1325110101,,,UND,0,F
FAMBITION,FL07,62,DETECTOR REVOLUCIONE,,VOP 21426987,,UND,1,C
FAMBITION,FL07,63,CRUCETA LADO CONVERTIDOR,1407020031,,,UND,2,C
FAMBITION,FL07,64,BASE DE CONTACTO CON LUZ,980823001,,,UND,1,C
FAMBITION,FL07,65,CARDAN,,,DEVOLUCION A TAURO,UND,1,PISO
FAMBITION,FL07,67,BOBINA COIL TRANSMISION,,,,UND,1,C
FAMBITION,FL07,68,BELT- CORREA,1418101031,,,UND,7,F
FAMBITION,FL07,69,ACUMULADOR,1614119101,,,UND,1,ALMACEN 1- PISO
FAMBITION,FL07,70,SELLO  ,1407090201,,,UND,2,D
FAMBITION,FL07,71,PEDAL,1615011011,,,UND,0,
FAMBITION,FL07,72,VENTILADOR DE ENFRIADOR,1324509201,,,UND,2,D
FAMBITION,FL07,73,TURBO COMPRENSOR REMAN,1325110081,,,UND,1,PISO
FAMBITION,FL07,74,MOTOR DE ARRANQUE,1325110091,,,UND,0,
FAMBITION,FL07,75,ELEMENTO FILTRANTE,1405406633,9444320,,UND,3,B
FAMBITION,FL07,76,ELEMENTO FILTRANTE,1405000403,3064530,,UND,1,B
FAMBITION,FL07,77,SENSOR DE VELOCIDAD DEL MOTOR,1326050041,,,UND,3,C
FAMBITION,FL07,78,FUSIBLE,1325110271,,,UND,1,C
FAMBITION,FL07,79,RELÉ,980743001,,,UND,2,C
FAMBITION,FL07,80,INTERRUPTOR TERMOMAGNÉTICO,980560031,,,UND,2,C
FAMBITION,FL07,81,INTERRUPTOR TERMOMAGNÉTICO,980560011,,,UND,1,C
FAMBITION,FL07,82,INTERRUPTOR TERMOMAGNÉTICO,980560041,,,UND,1,C
FAMBITION,FL07,83,INTERRUPTOR TERMOMAGNÉTICO,980560021,,,UND,5,C
FAMBITION,FL07,84,INTERRUPTOR DE CARRERA,980872001,,FL-10- FL07,UND,4,C
FAMBITION,FL07,85,ALARMA DE MARCHA ATRÁS,980791011,,,UND,1,C
FAMBITION,FL07,86,BOCINA,980790011,,,UND,1,C
FAMBITION,FL07,87,ENGRASADOR DE ACERO INOXIDABLE M10X1 RECTO,1205600021,,,UND,6,C
FAMBITION,FL07,88,MÓDULO DE CONTACTO AUXILIAR NORMALMENTE CERRADO (NC),980737001,,,UND,1,C
FAMBITION,FL07,89,CONJUNTO DEL PANEL DE CONTROL,1420610122,,,UND,1,C
FAMBITION,FL07,90,CONECTOR DE VÁLVULA SOLENOIDE CON LUZ INDICADORA,980660021,,,UND,1,C
FAMBITION,FL07,91,BOBINA ACUMULADOR DE FRENO,1405401221,,,UND,4,C
FAMBITION,FL07,92,PASADOR DE ARTICULACIÓN DEL BRAZO LEVANTE,1301000012,,,UND,2,I
FAMBITION,FL07,93,BUJE DEL CUCHARÓN,1301000312,,,UND,4,F
FAMBITION,FL07,94,BUJE DEL BRAZO LEVANTE,1301200022,,,UND,4,F
FAMBITION,FL07,95,EJE DE TRANSMISIÓN DELANTERO DE SALIDA DE LA TRANSMISIÓN,1326070041,,,UND,1,PISO
FAMBITION,FL07,96,CONJUNTO DE JUNTA UNIVERSAL 5C SIN MANTENIMIENTO,1226010133,,,UND,2,F
FAMBITION,FL07,97,JUNTA UNIVERSAL,1407020033,,,UND,2,C
FAMBITION,FL07,98,TUERCA,1326020061,,,UND,12,C
FAMBITION,FL07,99,JUNTA TÓRICA,1326303011,,,UND,2,C
FAMBITION,FL07,100,ESCOBILLA DEL LIMPIAPARABRISAS,980877051,,,UND,6,C
FAMBITION,FL07,101,COMPRESOR,1325110301,,,UND,1,F
FAMBITION,FL07,102,VENTILADOR,1325501041,,,UND,4,G
FAMBITION,FL07,103,VENTILADOR DEL CONDENSADOR XPC-3082X-A,1420612021,,,UND,2,D
FAMBITION,FL07,104,BOMA DE EMBOLO PUMP  PISTON,1324122101,,,UND,1,PISO
FAMBITION,FL07,105,BOMBA HIDRAULICA DOBLE SISTEMA DE LEVANTE ,1324121101,,,UND,2,PISO
FAMBITION,FL07,106,PLACA DE BORDE DELANTERO,1301100084,,,UND,1,AFUERA
FAMBITION,FL10,1,FILTRO ADMISION PRIMARIO,1434210011,P621983,,UND,19,TECHO
FAMBITION,FL10,2,FILTRO ADMISION SECUNDARIO,1434210021,P643762,,UND,21,TECHO
FAMBITION,FL10,3,FILTRO DE ACEITE DE TRANSMISION,1324501001,,,UND,2,B
FAMBITION,FL10,4,FILTRO FINO DE COMBUSTIBLE,1615403021,P550529,,UND,18,A
FAMBITION,FL10,5,FILTRO GRUESO DE COMBUSTIBLE ,1615402011 - 1615402012,24360739,,UND,8,A
FAMBITION,FL10,6,FILTRO GRUESO DE COMBUSTIBLE ,1615402011 - 1615402012,2040TM-OR,,UND,8,A
FAMBITION,FL10,7,FILTRO REPIRADOR DEL TANQUE DE TRABAJO,1405000403,,,UND,1,B
FAMBITION,FL10,8,FILTRO DE ALTA PRESION DE FRENO,1405406613,9444280,,UND,10,A
FAMBITION,FL10,9,CARTUCHO FILTRO DE ACEITE TRANSMISION,1324501011,,,UND,2,B
FAMBITION,FL10,10,ELEMENTO FILTRANTE DE AIRE RETORNO NO TEJIDO,1420611221,,,UND,30,
FAMBITION,FL10,11,FILTRO PRINCIPAL DE ACEITE,2606120011,260612001,,UND,35,A
FAMBITION,FL10,12,FILTRO DERIVACION DE ACEITE MOTOR,2606120022,23075367,,UND,23,A
FAMBITION,FL10,13,FILTRO AIRE FRESCO PAPEL,2311510061,,,UND,9,B
FAMBITION,FL10,14,FILTRO SEPARADOR DE AGUA Y COMBUSTIBLE,1615403011,20998367,,UND,5,A
FAMBITION,FL10,15,FILTRO RESPIRADOR DEL TANQUE HIDRAULICO,1405000502,C2405,,UND,3,A
FAMBITION,FL10,16,FILTRO DE RETORNO ACEITE DE TRABAJO,1405000411,FC1073,,UND,4,B
FAMBITION,FL10,17,FILTRO DE RETORNO DE ACEITE DE FRENO,1405000511,P763185,,UND,2,B
FAMBITION,FL10,18,FILTRO DE AIRE,1418420012,,,UND,1,
FAMBITION,FL10,19,KIT DE REPARACION DE CILINDRO DE DIRECCION ,1405201505,,,UND,4,C
FAMBITION,FL10,20,KIT DE REPARACION DE CILINDRO DE DIRECCION ,1405201503,,,UND,2,C
FAMBITION,FL10,21,KIT DE REPARACION DE CILINDRO VOLQUETE,1405301503,,,UND,1,C
FAMBITION,FL10,22,KIT DE REPARACION DE CILINDRO DE ELEVACION ,1405302503,,,UND,2,C
FAMBITION,FL10,23,KIT DE REPARACION DE CILINDRO DE INCLINACION,1405301505,,,UND,3,C
FAMBITION,FL10,24,LIFT CYLINDER KIT,1405302505,,,UND,4,C
FAMBITION,FL10,25,KIT DE JUNTAS DEL MOTOR,1405000804,,,UND,1,B
FAMBITION,FL10,26,INTERRUPTOR DE ALIMENTACION PRINCIPAL,980701011,,,UND,1,E
FAMBITION,FL10,27,INTERRUPTOR DE ARRANQUE,980738001,,,UND,1,E
FAMBITION,FL10,28,INTERRUPTOR DE PROXIMIDAD,980874001,,,UND,1,E
FAMBITION,FL10,29,INTERRUPTOR AUTOMATICO,980560021,,,UND,2,E
FAMBITION,FL10,30,INTERRUPTOR AUTOMATICO,980560061,,,UND,2,E
FAMBITION,FL10,31,INTERRUPTOR AUTOMATICO,980560011,,,UND,2,E
FAMBITION,FL10,32,INTERRUPTOR,980560051,,,UND,2,E
FAMBITION,FL10,33,SENSOR NIVEL COMBUSTIBLE,980787031,,,UND,1,F
FAMBITION,FL10,34,SENSOR NIVEL ACEITE HIDRAULICO,1405000541,,,UND,2,E
FAMBITION,FL10,35,SENSOR DE BAJA PRESION SISTEMA DE FRENO,1405000272,,,UND,2,E
FAMBITION,FL10,36,SENSOR T° DE ACEITE DE TRANSMISION,1405531001,,,UND,1,E
FAMBITION,FL10,37,SENSOR DE REVOLUCIONES MOTOR,1325110231,,,UND,0,
FAMBITION,FL10,38,BELT,1434110011,,,UND,3,F
FAMBITION,FL10,39,BELT,1434110021,,,UND,1,F
FAMBITION,FL10,40,LUZ DE DIRECCION DE FRENOS,980783051,,,UND,1,E
FAMBITION,FL10,41,LUZ DE COCHE,980784031,,,UND,7,E
FAMBITION,FL10,42,LUZ INDICADORA,980762012,,,UND,2,E
FAMBITION,FL10,43,LUZ INDICADORA,980762022,,,UND,3,E
FAMBITION,FL10,44,FUSE LINK,980713001,,,UND,1,
FAMBITION,FL10,45,FUSE LINK,980709001,,,UND,1,
FAMBITION,FL10,46,FUSE HOLDER,980710001,,,UND,2,
FAMBITION,FL10,47,ANILLO DE SELLADO EN V,1301000251,,,UND,2,E
FAMBITION,FL10,48,CONJUNTO DE MANGUERA DE ALTA PRESION ,1420610061,,,UND,1,G
FAMBITION,FL10,49,CONJUNTO DE DEPOSITO DE LIQUIDO ,1420610031,,,UND,1,
FAMBITION,FL10,50,CONJUNTO DE MANGUERA DE ALTA PRESION ,1420610071,,,UND,1,G
FAMBITION,FL10,51,CONJUNTO DE MANGUERA DE ALTA PRESION ,1420610041,,,UND,1,G
FAMBITION,FL10,52,CONJUNTO DE MANGUERA DE ALTA PRESION ,1420610051,,,UND,1,G
FAMBITION,FL10,53,JUNTA UNIVERSAL DE EJE DE TRANSMISION PRINCIPAL ,1407020031,,,UND,1,E
FAMBITION,FL10,54,JUNTA DE GOMA,1305203021,,,UND,1,E
FAMBITION,FL10,55,VALVULA ACUMULADOR DE FRENO,1405401252,,,UND,3,E
FAMBITION,FL10,56,EJE TRANSVERSAL,1407080011,,,UND,1,E
FAMBITION,FL10,57,TAPA DE BRAZO GRANDE,1401200013,,,UND,4,H
FAMBITION,FL10,58,CUBIERTA DE CUCHARON ,1401100051,,,UND,12,G
FAMBITION,FL10,59,CUBIERTA DE BARRA DE ACOPLAMIENTO,1401300022,,,UND,4,H
FAMBITION,FL10,60,MANGA DE BRAZO,1401200012,,,UND,4,H
FAMBITION,FL10,61,BOTON DE PARA DE EMERGENCIA,980839001,,,UND,1,E
FAMBITION,FL10,62,CASQUILLO DE DIRECCION ,1402191171,,,UND,2,G
FAMBITION,FL10,63,COJIN ,1401100021,,,UND,4,E
FAMBITION,FL10,64,PASADOR DE BISAGRA DE BRAZO GRANDE,1401000013,,,UND,2,H
FAMBITION,FL10,65,MALLA PROTECTOR VENTILADOR,1324509401,,,UND,1,F
FAMBITION,FL10,66,EJE TRANSMISION PRINCIPAL,1326070201,,,UND,1,D
FAMBITION,FL10,67,VIDRIO DERECHO,1404000035,,,UND,1,F
FAMBITION,FL10,68,VIDRIO IZQUIERDO,1404000015,,,UND,1,F
FAMBITION,FL10,69,PARABRISAS DELANTERO,1404000025,,,UND,1,F
FAMBITION,FL10,70,CERRADURA DE PUERTA,1404202001,,,UND,1,E
FAMBITION,FL10,71,RESORTE DE GAS,1404000125,,,UND,1,F
FAMBITION,FL10,72,LIMPIAPARABRISAS,980877001,,,UND,1,F
FAMBITION,FL10,73,BOCINA,980790011,,,UND,2,E
FAMBITION,FL10,74,POLEA DE ALTERNADOR MOTOR VOLVO PENTA,,,,UND,1,E
FAMBITION,FL10,75,DEPOSITO DE ACEITE M10*1,1205600021,,,UND,5,E
FAMBITION,FL10,76,MODULO DE CONTACTO AUXILIAR NORMALMENTE CERRADO,980737001,,,UND,2,
FAMBITION,FL10,77,TAPA DE TANQUE REFRIGERANTE,1418501011,,,UND,0,
FAMBITION,FL10,78,MOTOR DE ARRANQUE,1325110091,,,UND,1,B
FAMBITION,FL10,79,ALTERNADOR ,1325110101,,,UND,1,PISO
FAMBITION,FL10,80,BOMBA DE ENFRIAMIENTO,1405125061,,EN REPARADOS,UND,1,
FAMBITION,FL10,81,ALTERNADOR ,,,EN REPARADOS,UND,1,
FAMBITION,FL10,82,FILTRO SEPARADOR DE AGUA Y COMBUSTIBLE,1615403011,P551843,5,UND,12,A
FAMBITION,FT15,1,FILTRO DE AIRE FRESCO DE PAPEL,2311510061,,,UND,8,D
FAMBITION,FT15,2,FILTRO DE ACEITE DE TRANSMISIÓN,1324501011,,,UND,4,D
FAMBITION,FT15,3,CONJUNTO DEL ELEMENTO FILTRANTE,2406211041,,,UND,14,TECHO
FAMBITION,FT15,4,ELEMENTO FILTRANTE DE COMBUSTIBLE ,1615402011,24360739,,UND,7,A
FAMBITION,FT15,5,ELEMENTO FILTRANTRE DE FILTRO DE COMBUSTIBLE,1418101011,22296415,,UND,14,A
FAMBITION,FT15,6,CONJUNTO DEL FILTRO DE ACEITE,2207014032,10058667,,UND,5,A
FAMBITION,FT15,7,ELEMENTO FILTRANTE SEPARADOR DE AGUAC DE OMBUSTIBLE,1418402011,,,UND,6,A
FAMBITION,FT15,8,ELEMENTO FILTRANTE DE ACEITE,1418101021,23958443,,UND,13,D
FAMBITION,FT15,9,SLEVE,2203111092,,,UND,6,B
FAMBITION,FT15,10,KIT DE REPARACIÓN DEL CILINDRO DE DIRECCIÓN,2306201501,,,UND,6,B
FAMBITION,FT15,11,KIT DE REPARACION CILINDRO DE ELEVACIÓN,2306301501,,,UND,6,B
FAMBITION,FT15,12,FUSIBLE,1325110271,,,UND,1,B
FAMBITION,FT15,13,FUSE LINK,980709001,,,UND,2,B
FAMBITION,FT15,14,FUSE HOLDER,980710001,,,UND,2,B
FAMBITION,FT15,15,DISYUNTOR DE 15A,980721001,,,UND,1,B
FAMBITION,FT15,16,INTERRUPTOR DE PROTECCIÓN,980723001,,,UND,1,B
FAMBITION,FT15,17,ESPEJO REFLECTANTE,2402600011,,,UND,1,D
FAMBITION,FT15,18,ESPEJO RETROVISOR,2404400031,,,UND,1,D
FAMBITION,FT15,19,RELÉ,980743001,,,UND,0,
FAMBITION,FT15,20,LUZ,980784031,,,UND,4,C
FAMBITION,FT15,21,ALARMA DE MARCHA ATRÁS,980791011,,,UND,1,B
FAMBITION,FT15,22,BOCINA,980790011,,,UND,1,B
FAMBITION,FT15,23,VALVULA SOLENOIDE DE ESTACIONAMIENTO,1205205001,,,UND,1,D
FAMBITION,FT15,24,RESPIRADERO,2405010011,,,UND,2,B
FAMBITION,FT15,25,JUNTA UNIVERSAL,1226010133,,,UND,2,C
FAMBITION,FT15,26,JUNTA UNIVERSAL,1407020033,,,UND,6,C
FAMBITION,FT15,27,ENGRASADOR DE ACERO INOXIDABLE M10X1 RECTO,1205600021,,,UND,6,B
FAMBITION,FT15,28,MÓDULO DE CONTACTO AUXILIAR NORMALMENTE ABIERTO (NA),980736001,,,UND,1,B
FAMBITION,FT15,29,CORREA,1418101031,,,UND,7,B
FAMBITION,FT15,30,GENERADOR / ALTERNADOR,1325110101,,,UND,1,B
FAMBITION,FT15,31,CLUTCH,1325110941,,,UND,0,C
FAMBITION,FT15,32,BUJE (2),2202203091,,,UND,4,C
FAMBITION,FT15,33,BUJE (1),2202203111,,,UND,4,C
FAMBITION,FT15,34,BOMBA DE ACEITE DE TRANSMISIÓN,1205302001,,,UND,1,B
FAMBITION,FT15,35,ELEMENTO FILTRANTE DE ACEITE HIDRÁULICO,1205002561,,,UND,3,
FAMBITION,FT15,36,MOTOR DE ARRANQUE / ARRANCADOR,1325110091,,,UND,1,C
FAMBITION,FT15,37,TURBO COMPRESOR,1325110081,,,UND,2,B
FAMBITION,FT15,38,ELEMENTO FILTRANTE DE COMBUSTIBLE ,1615402011,2040TM-OR,,UND,8,A
FAMBITION,FT15,39,ELEMENTO FILTRANTE SEPARADOR DE AGUAC DE OMBUSTIBLE,1418402011,21538975,,UND,8,A
FAMBITION,FT15,40,PASADOR ,2203111061,,,UND,1,C
FAMBITION,FT20,1,ELEMENTO FILTRANTE DE AIRE DE RETORNO NO TEJIDO,1420611221,,,UND,1,A
FAMBITION,FT20,2,FILTRO,,P161365,,UND,1,
FAMBITION,FT20,3,FILTRO SEPARADOR DE AGUA/COMBUSTIBLE,1615403011,,,UND,8,B
FAMBITION,FT20,4, ELEMENTO FILTRANTE DE COMBUSTIBLE (PREFILTRO),1615402011,24360739,,UND,8,B
FAMBITION,FT20,5, ELEMENTO FILTRANTE DE COMBUSTIBLE (FILTRO FINO),1615403021,,,UND,10,B
FAMBITION,FT20,6,ELEMENTO FILTRANTE DE DERIVACIÓN DE ACEITE DEL MOTOR,2606120021,,,UND,8,B
FAMBITION,FT20,7,ELEMENTO FILTRANTE DE ACEITE HIDRÁULICO,1205002561,,,UND,0,
FAMBITION,FT20,8,ELEMENTO FILTRANTE DE ACEITE DE TRANSMISIÓN,1607027011,P766811,,UND,3,B
FAMBITION,FT20,9,ELEMENTO FILTRANTE DE RETORNO DE AIRE (TELA NO TEJIDA),2415531111,,,UND,0,
FAMBITION,FT20,10, ELEMENTO FILTRANTE DE PAPEL PARA AIRE FRESCO,2311510061,,,UND,2,
FAMBITION,FT20,11,FILTRO ADMISION PRIMARIO,1434210011,AFD621983,,UND,3,
FAMBITION,FT20,12,FILTRO ADMISION PRIMARIO,1434210011,P621983,,UND,6,D
FAMBITION,FT20,13,FILTRO ADMISION SECUNDARIO,1434210021,AFD621984,,UND,3,C
FAMBITION,FT20,14,FILTRO PRINCIPAL DE ACEITE DE MOTOR,2606120011,,,UND,8,B
FAMBITION,FT20,15, KIT DE REPARACIÓN DEL CILINDRO DE ELEVACIÓN,2405211504,,,UND,3,A
FAMBITION,FT20,16, KIT DE REPARACIÓN DEL CILINDRO DE DIRECCIÓN,2405111504,,,UND,3,A
FAMBITION,FT20,17,DIPSTICK,1434110441,,,UND,1,A
FAMBITION,FT20,18,FAJA DE VENTILADOR MOTOR ,1434110021,,,UND,3,D
FAMBITION,FT20,19,CORREA DE AIRE ACONDICIONADO /CORREA ALTERNADOR,1434110011,,,UND,3,D
FAMBITION,FT20,20,DRIVE PLATE ,1607024001,,POR VERIFICAR CAJA CERRADA,UND,1,D
FAMBITION,FT20,21,SPRING WASHER,320100001,,POR VERIFICAR CAJA CERRADA,UND,8,D
FAMBITION,FT20,22,BOLT ,123101101,,POR VERIFICAR CAJA CERRADA,UND,8,D
FAMBITION,FT20,23, RESPIRADOR,2405010011,,,UND,2,C
FAMBITION,FT20,24, CASQUILLO DE BRONCE,2403119072,,,UND,2,C
FAMBITION,FT20,25, ESPEJO RETROVISOR,2402600011,,,UND,1,A
FAMBITION,FT20,26, ESPEJO RETROVISOR,2404400031,,,UND,1,A
FAMBITION,FT20,27, JUNTA UNIVERSAL DEL EJE DE TRANSMISIÓN PRINCIPAL,1407020031,,,UND,1,C
FAMBITION,FT20,28,CRUCETA,1407080011,,,UND,2,A
FAMBITION,FT20,29, LUZ DEL VEHÍCULO,980784041,,,UND,4,C
FAMBITION,FT20,30, ZUMBADOR DE MARCHA ATRÁS,980791011,,,UND,1,C
FAMBITION,FT20,31,BOCINA,980790011,,,UND,1,C
FAMBITION,FT20,32,CARTUCHO FUSIBLE,980501003,,,UND,3,
FAMBITION,FT20,33, INTERRUPTOR DE FINAL DE CARRERA,980872001,,,UND,1,C
FAMBITION,FT20,34, DISYUNTOR,980560031,,,UND,1,C
FAMBITION,FT20,35,DISYUNTOR,980559001,,,UND,1,C
FAMBITION,FT20,36,DISYUNTOR,980560021,,,UND,1,C
FAMBITION,FT20,37,RELÉ,980741001,,,UND,2,C
FAMBITION,FT20,38,RELÉ,980768001,,,UND,1,C
FAMBITION,FT20,39,RELÉ,980743001,,,UND,1,C
FAMBITION,FT20,40,FUSIBLE,980713001,,,UND,2,
FAMBITION,FT20,41,FUSIBLE,980709001,,,UND,2,
FAMBITION,FT20,42,FUSE HOLDER ,980710001,,,UND,2,
FAMBITION,FT20,43,RADIATOR FAN GUARD COVER,2431611041,,,UND,0,
FAMBITION,FT20,44,FAN BLADE- VENTILADOR DE ENFRIADOR HIDRAULICO,2431611031,,,UND,1,D
FAMBITION,FT20,45,CERRADURA DE PANEL,1603323001,,,UND,6,C
FAMBITION,FT20,46,CONJUNTO DE VALVULAS SOLENOIDES,2405307101,,,UND,1,A
,ROBOT CH14,1,FILTRO DE RETORNO DE CARTUCHO,23 103A,,,UND,1,A
,ROBOT CH14,2,TAPÓN PARA BROCAL Ø80 - NEGRO,06.13.00007,06.13.00007,,UND,2,A
,ROBOT CH14,3,FILTRO AIRE DE MOTOR CAT C4.4,23-00107,,,UND,1,A
,ROBOT CH14,4,PREFILTRO AIRE CAT C4.4,23-00108,,,UND,1,A
,ROBOT CH14,5,FILTRO ACEITE MOTOR CAT C4.4,23-00111,,,UND,2,A
,ROBOT CH14,6,MOTOR DEUTZ BF4M2012C,,,,UND,1,A
,ROBOT CH14,7,FILTRO DE ACEITE CONVERTIDOR ,23 00159,,,UND,1,A
,ROBOT CH14,8,PREFILTRO SEPARADOR DE AGUA Y COMBUSTIBLE,23-00110,,,UND,1,A
,ROBOT CH14,9,FILTRO DE COMBUSTIBLE,23-00109,,,UND,2,A
,OCMER,1,DISCO DE CAUCHO INFERIOR,046 04 17 ,,,UND,8,PISO
,OCMER,2,DISCO DE CAUCHO INFERIOR,049 05 01,,,UND,5,PISO 
,OCMER,3,DISCO DE CAUCHO INFERIOR ,036 04 05,,,UND,0,
,OCMER,4,DISCO DE CAUCHO SUPERIOR ,046 04 13,,,UND,16,PISO
,OCMER,5,DISCO DE CAUCHO SUPERIOR ,049 05 07,,,UND,13,PISO
,OCMER,6,DISCO DE CAUCHO SUPERIOR ,036 04 01 ,,,UND,0,
,OCMER,7,DISCO METALICO,046 04 01,,,UND,1,
,OCMER,8,DISCO METALICO,036 04 02 ,,,UND,2,
,OCMER,9,DISCO DE CAUCHO SUPERIOR ,OCMER 036 04 01,,ALTERNATIVO,UND,0,
,OCMER,10,DISCO DE CAUCHO INFERIROR ,0CMER 046,,ALTERNATIVO,UND,13,PISO
,OCMER,11,DISCO DE CUCHO SUPERIOR ,OCMER 046,,ALTERNATIVO,UND,4,PISO
,OCMER,12,MANGUERA DE AIRE COMPRIMIDO,036 02 03,,,UND,1,
,OCMER,13,MANGUERA ODP-012 ORIGINAL PCM,012 01 11,,,UND,27,TECHO
,OCMER,14,MANGUERA ODP-018 ORIGINAL PCM,018 01 11,,,UND,17,TCHO
,OCMER,15,MANGUERA ODP 12 ,OCMER 036,,ALTERNATIVO,UND,11,TECHO
,OCMER,16,MANGUERA ODP 18,OCMER 046,,ALTERNATIVO,UND,3,TECHO
,OCMER,17,KIT DE MANGUERA DE GLICERINA ( 4PSC),KIT-GLI-036/046,,,UND,25,B
,OCMER,18,KIT DE MANGUERAS FLEX 30PZ,,,,UND,0,
,OCMER,19,KIT DE MANGUERA HIDRAULICA (8Pcs),KIT-HYD-036,,,UND,3,B
,OCMER,20,KIT DE MANGUERA HIDRAULICA (8Pcs),KIT-HYD-046,,,UND,1,B
,OCMER,21,SISTEMA DE PROYECCION 60x80MM,OCM-SIST-60,,,UND,0,
,OCMER,22,SISTEMA DE PROYECCION  65X85 MM,,,,UND,0,
,OCMER,23,MANGUERA DE 60MMx80MM  20mts ,036 08 22 ,,,UND,1,
,OCMER,24,MANGUERA DE 65MMx85MM  20mts ,049 10 22,,,UND,7,
,OCMER,25,CABEZAL PARA MANGUERA CONECCION TUBERIA  ,046 09 47/ 049 1017,,,UND,10,
,OCMER,26,TERMINAL BRIDADO 65X85 MM,049 10 28,,,UND,20,
,OCMER,27,TERMINAL BRIDADO 60X80 MM,036 08 28 ,,,UND,45,
,OCMER,28,MANGA DE TUBERIA 60MM,036 08 16,,,UND,4,
,OCMER,29,PITONERA COMPLETA DOBLE ENTRADA 60MM,036 08 42,,,UND,0,
,OCMER,30,PUNTERA 60 MM,036 08 02,,,UND,28,TECHO
,OCMER,31,PUNTERA 60 MM,046 09 02,,,UND,13,
,OCMER,32,PUNTERA 60 MM,036 04 18,,,UND,13,
,OCMER,33,CUERPO PITONERA 40MM,036 08 34,,,UND,0,
,OCMER,34,TOBERAS  ( PUNTERA) ,,,MODIFICADA EL DIAMETRO PARA UN PROYECTO EN ESPECIAL ,UND,2,
,OCMER,35,"ACOPLE RAPIDO 3"" ",036 08 38 ,,,UND,32,PISO
,OCMER,36,"ACOPLE RAPIDO 4""",046 09 38,,,UND,7,PISO
,OCMER,37,"JUNTA DE 3""",036 08 40 ,,,UND,39,F
,OCMER,38,"JUNTA DE 4""",046 09 39,,,UND,12,F
,OCMER,39,INSERTO CONICO 60 MM,036 04 15 ,,,UND,49,F
,OCMER,40,INSERTO DE GOMA CODO DESCARGA ,046 04 19 ,,,UND,19,I
,OCMER,41,INSERTO DE GOMA CODO DESCARGA ,036 04 11,,,UND,36,E
,OCMER,42,INSERTO DE GOMA CONICO ,046 04 24 ,,,UND,25,F
,OCMER,43,INSERTO DE GOMA DESCARGA AIRE,046 03 23,,,UND,22,F
,OCMER,44,INSERTO DESFOGUE DE AIRE ,036 04 09,,,UND,23,E
,OCMER,45,CODO FIERRO DESCARGA DE AIRE  METAL,036 03 05,,,UND,4,
,OCMER,46,CODO FIERRO DE DESCARGA,036 04 12,,,UND,1,
,OCMER,47,CODO DE FIERRO CONICO,,,,UND,1,
,OCMER,48,CLAMP DL 012,012 01 07,,,UND,46,G
,OCMER,49,CLAMP DL 018,018 01 12,,,UND,10,G
,OCMER,50,VIBRADOR,036 03 16 ,,,UND,4,B
,OCMER,51,VIBROSTOP ,036 03 35,,,UND,45,A
,OCMER,52,TORNILO  EN T,036 02 02,,,UND,6,
,OCMER,53,DISPLAY - LT/H DOSIFICADOR,,,,UND,3,B
,OCMER,54,DISPLAY - RPM DE ROTOR,,,,UND,3,B
,OCMER,55,DISTRIBUIDOR,036 05 09,,,UND,8,C
,OCMER,56,PLC 036,,,,UND,2,B
,OCMER,57,SOSTENEDOR DE SOPORTE,036 02 27,,,UND,6,G
,OCMER,58,CUBIERTA,036 03 39,,,UND,6,B
,OCMER,59,VALVULA REDUCTOR DE PRESION,036 05 20,,,UND,1,B
,OCMER,60,KIT DE RODAMIENTO PARA CAJA REDUCTORA ,,,,UND,1,B
,OCMER,61,SOPORTE,036 02 04,,,UND,5,C
,OCMER,62,PIÑON DE MOTOR ELECTRICO ,036 01 40,,,UND,1,B
,OCMER,63,PROTECTING GOVER ,036 06 10,,,UND,80,A
,OCMER,64,ORING PARA BRIDA ,,,,UND,3,B
,OCMER,65,CABEZAL ENGRASADORA,OCM-036,,,UND,1,
,OCMER,66,PORTA GOMA DE BOMBA PERISTALTICA,012 01 08,,,UND,2,B
,OCMER,67,VISOR DE CAJA REDUCTORA,036 01 44,,,UND,2,B
,OCMER,68,CERRADURA TABLERO OCMER ,,,,UND,12,
,OCMER,69,LLAVES PARA LA CERRADURA TABLERO OCMER ,,,,UND,11,
,OCMER,70,DELASCO PUMP DL 018 COMPLETO,018 01 02,,,UND,2,
,OCMER,71,BRIDA MOTOR,1922835113,,,UND,2,C
,OCMER,72,MOTOR + INVERTER 1.5Kw - ESV20,,,,UND,1,
,OCMER,73,MOTOR + INVERTER 7.5Kw - ESV100,,,,UND,1,
,OCMER,74,VARIADOR DE FRECUENCIA C/MOTOR 0.75 Kw,,,,UND,2,
,OCMER,75,"MOTOR DE 0,37 KW",036 05 17,,,UND,3,C
,OCMER,76,VARIADOR DE FRECUENCIA C/MOTOR 4 Kw,,,,UND,0,
,OCMER,77,BOMBA LUBRICACION DE GLICERINA COMPLETE,036 07 30,,,UND,0,
,OCMER,78,UNIDAD DE GIRO ,96002014,,,UND,1,PISO
,OCMER,79,UNIDAD HYD COMPLETA-OCM 036,,,,UND,4,D
,OCMER,80,OCM 036 PLACA (036 26 06),,,,UND,1,
,OCMER,81,TAPA DE CUBIERTA ,036 02 14,,,UND,1,
,OCMER,82,ROTOR COMPLETO DE 8 LT,036 04 03,,,UND,1,PISO
,OCMER,83,UNIDAD DE DOSIFICACION  ADITIVO COMPLETA,012 01 01,,,UND,0,
,OCMER,84,DISPLAY ASCON KM1 LCRR D,,,,UND,2,B
,OCMER,85,CABEZAL DE PROYECCION 036 60MM,36,,,UND,4,
RIMEA,RIMEA 1.5 YD3,1,FILTRO HIDRAULICO ,,4209211,,UND,1,B
RIMEA,RIMEA 1.5 YD3,3,FILTRO DE AIRE PRIMARIO (ANTIGUO),,P318724,,UND,6,
RIMEA,RIMEA 1.5 YD3 / DUMPER RUK 205,4,FILTRO SEPARADOR DE AGUA ,,1002301,,UND,1,B
RIMEA,RIMEA 1.5 YD3 / DUMPER RUK 205,5,FILTRO DE ACEITE MOTOR,,JX0810,,UND,1,B
RIMEA,SCOOPTRAMP RIMEA RWJ202,6,FILTRO DIESEL Y ACEITE ,,51005200,,UND,2,B
RIMEA,"SCOOP 2,5 YD3",7,FILTRO DE RETORNO HIDRAULICO,,510001000K,,UND,2,B
RIMEA,DUMPER RUK 205,8,FILTRO PRIMARIO SECUNDARIO,,AF26397,,UND,2,
RIMEA,RIMEA 1.5 YD3,9,FILTRO DE AIRE SECUNDARIO(ANTIGUO),,22000301,,UND,9,B
RIMEA,,10,FILTRO DE ACEITE HIDRAULICO ,,GP300X10Q2,,UND,1,B
RIMEA,DUMPER RUK 205,12,FILTRO HIDRAULICO DE TRANSMISION ,,,,UND,0,
RIMEA,DUMPER RUK 205,13,FILTRO DE COMBUSTIBLE MOTOR,,2002301,,UND,0,
RIMEA,,14,FILTRO DE COMBUSTIBLE ,,FS36226,,UND,0,
RIMEA,RIMEA 1.5 YD3,15,KIT DE FILTRO PRIMARIO Y SECUNDARIO,,AA90145,,UND,0,
RIMEA,,16,ELEMENTO FILTRANTE DE ALTA PRESION ,,51007600,,UND,7,B
RIMEA,SCOOPTRAMP RIMEA RWJ202,17,KIT DE REPARACION DE CILINDRO DE PUNTA,,51007800,,UND,1,B
RIMEA,SCOOPTRAMP RIMEA RWJ202,18,KIT DE REPARACION DE CILINDRO DE DIRECCION ,,51008000,,UND,1,B
RIMEA,SCOOPTRAMP RIMEA RWJ202,19,KIT DE REPARACION DE CILINDRO DE ELEVACION ,,51007900,,UND,1,B
RIMEA,DUMPER RUK 205,20,KIT DE SELLOS CIL. HIDRAULICO DIRECCION,,5200100K,,UND,2,B
RIMEA,DUMPER RUK 205,21,KIT DE SELLOS CIL HIDRAULICO DE TOLVA,,5200200K,,UND,2,B
RIMEA,,22,FAROS,,12001500,,UND,2,B
RIMEA,RIMEA 1.5 YD3,23,YUGO DE CARDAN MUESTRA,,,,UND,4,B
RIMEA,SCOOPTRAMP RIMEA RWJ202,24,CINTURON GENERADOR,,22005800,,UND,3,B
RIMEA,DUMPER RUK 205,25,RODAMIENTO,,63000810K,,UND,1,B
RIMEA,DUMPER RUK 205,26,EJE DE TRANSMISION EJE DELANTERO,,,,UND,1,PISO
RIMEA,RWJ 202 SERIE 210015,27,PALANCA DE CONTROL MARCHAS,,,,UND,1,B
RIMEA,RWJ 202 SERIE 210015,28,BOBINA Y SPOOL DE CAJA DE TRANSMISIÓN,,61001000K,,UND,2,B
RIMEA,RIMEA 1.5 YD3,29,FAJA ALTERNADOR ,,23000400,,UND,1,B
RIMEA,RWJ 202 SERIE 210015,30,ENFRIADOR DE ACEITE HIDRÁULICO,,,,UND,1,AFUERA
RIMEA,DUMPER RUK 205,31,TURBO,,,,UND,1,B
RIMEA,DUMPER RUK 205,32,JUEGO DE INYECTORES,,,,UND,0,
RIMEA,DUMPER RUK 205,33,TERMOSTATO PARA MOTOR DIESEL,,,,UND,0,
RIMEA,RWJ 202 SERIE 210015,34,BOMBA CON BOBINA,,,,UND,0,
RIMEA,,35,JUEGO DE FILTRO,,AF26614,,UND,6,B
RIMEA,BOLTER 99,36,FILTRO SEPARADOR,,FS19734,,UND,3,B
MOTOR DEUTZ, MOTOR DIESEL BF6L914,1,MANGUITO ENCHUFABLE,0110 0554,,,UND,4,
MOTOR DEUTZ, MOTOR DIESEL BF6L914,2,MANGUITO ENCHUFABLE,1104989,,,UND,2,
MOTOR DEUTZ, MOTOR DIESEL BF6L914,3,LLAVE EN T ,0111  0399,,,UND,1,
MOTOR DEUTZ, MOTOR DIESEL BF6L914,4,LÁMPARA INCANDESCENTE,112423,,,UND,6,
MOTOR DEUTZ, MOTOR DIESEL BF6L914,5,LÁMPARA INCANDESCENTE,1121434,,,UND,8,
MOTOR DEUTZ, MOTOR DIESEL BF6L914,6,MANGUITO ENCHUFABLE,0113 6557 ,,,UND,2,
MOTOR DEUTZ, MOTOR DIESEL BF6L914,7,PERNO EXAGONAL,0114 8458,,,UND,3,
MOTOR DEUTZ, MOTOR DIESEL BF6L914,8,TUERCA EXAGONAL ,0114 9233,,,UND,3,
MOTOR DEUTZ, MOTOR DIESEL BF6L914,9,MANGA DE GOMA,0116 5402,,,UND,2,
MOTOR DEUTZ, MOTOR DIESEL BF6L914,10,BARRA EN T DESLIZANTE,1165896,,,UND,2,
MOTOR DEUTZ, MOTOR DIESEL BF6L914,11,CONTADOR DE HORAS TRANSCURRIDAS,0117 3730,,,UND,1,
MOTOR DEUTZ, MOTOR DIESEL BF6L914,12,CLIP DE MANGUERA,1173940,,,UND,1,
MOTOR DEUTZ, MOTOR DIESEL BF6L914,13,CLIP DE MANGUERA,0117 3964,,,UND,7,
MOTOR DEUTZ, MOTOR DIESEL BF6L914,14,LUZ DE SEÑAL,0117 6454,,,UND,1,
MOTOR DEUTZ, MOTOR DIESEL BF6L914,15,LUZ DE SEÑAL,1176456,,,UND,2,
MOTOR DEUTZ, MOTOR DIESEL BF6L914,16,PERNO ESPARRAGO,0118 0980,,,UND,1,
MOTOR DEUTZ, MOTOR DIESEL BF6L914,17,MANGA  ,0118 1659,,,UND,1,
MOTOR DEUTZ, MOTOR DIESEL BF6L914,18,LIMPIADOR DE AIRE,0118 1863,,,UND,1,
MOTOR DEUTZ, MOTOR DIESEL BF6L914,19,INTERRUPTOR DE INICIO PREVIO ,1182528,,,UND,1,
MOTOR DEUTZ, MOTOR DIESEL BF6L914,20,LLAVE DE CONTACTO ,0118 2529,,,UND,1,
MOTOR DEUTZ, MOTOR DIESEL BF6L914,21,INDICADOR DE TEMPERATURA,0118 2569,,,UND,1,
MOTOR DEUTZ, MOTOR DIESEL BF6L914,22,INDICADOR DE TEMPERATURA,0118 2576,,,UND,1,
MOTOR DEUTZ, MOTOR DIESEL BF6L914,23,INDICADOR DE PRESION,0118 2581,,,UND,1,
MOTOR DEUTZ, MOTOR DIESEL BF6L914,24,ANILLO ADAPTADOR,1182849,,,UND,3,
MOTOR DEUTZ, MOTOR DIESEL BF6L914,25,KIT DE HERRAMIENTAS,0210 2613,,,UND,1,
MOTOR DEUTZ, MOTOR DIESEL BF6L914,26,WACHA PLATA,0216 2026,,,UND,6,
MOTOR DEUTZ, MOTOR DIESEL BF6L914,27,REDUCTOR,0216 8353,,,UND,1,
MOTOR DEUTZ, MOTOR DIESEL BF6L914,28,COLECTOR,0224 2416,,,UND,1,
MOTOR DEUTZ, MOTOR DIESEL BF6L914,29,PLUG,0224 5054,,,UND,1,
MOTOR DEUTZ, MOTOR DIESEL BF6L914,30,ANILLO DE SELLADO ,0242 0249,,,UND,1,
MOTOR DEUTZ, MOTOR DIESEL BF6L914,31,INDICADOR DE MANTENIMIENTO ,0242 7063,,,UND,1,
MOTOR DEUTZ, MOTOR DIESEL BF6L914,32,BRIDA DE 3 ORIFICIOS ,0336 0673,,,UND,1,
MOTOR DEUTZ, MOTOR DIESEL BF6L914,33,COLECTOR,0415 9696,,,UND,1,
MOTOR DEUTZ, MOTOR DIESEL BF6L914,34,EMPAQUETADOR,4183515,,,UND,2,
MOTOR DEUTZ, MOTOR DIESEL BF6L914,35,CONECTOR DE ENCHUFE ,4214277,,,UND,1,
MOTOR DEUTZ, MOTOR DIESEL BF6L914,36,RELAY,0421 9245,,,UND,1,
MOTOR DEUTZ, MOTOR DIESEL BF6L914,37,ARANDELA DE SELLADO,0423 2617,,,UND,1,
MOTOR DEUTZ, MOTOR DIESEL BF6L914,38,ENCHUFE DE ACCESORIO,0423 6126,,,UND,1,
MOTOR DEUTZ, MOTOR DIESEL BF6L914,39,ENCHUFE DE ACCESORIO,0423 6127 ,,,UND,1,
MOTOR DEUTZ, MOTOR DIESEL BF6L914,40,ESPACIADOR,0425 9428,,,UND,6,
MOTOR DEUTZ, MOTOR DIESEL BF6L914,41,INSTRUCCIONES DE FUNCIONAMIENTO,0575-8233,,,UND,0,
MOTOR DEUTZ, MOTOR DIESEL BF6L914,42,PLUG,0117 4457,,,UND,0,
SANDVIK,JUMBO DD210,1,FILTRO HIDRAULICO ,,HF28804,,UND,1,A
SANDVIK,JUMBO DD210,2,FILTRO DE AIRE PRIMARIO COMPRESOR ,,C11100,,UND,0,
SANDVIK,JUMBO DD210,3,FILTRO DE AIRE PRIMARIO COMPRESOR ,,SJA100/1,,UND,0,
SANDVIK,JUMBO DD210,4,FILTRO HIDRAULCO DE BOMBA TRANSMISION,,P164375,,UND,0,
SANDVIK,SMALL BOLTER / JUMBO DD210 ,5,FILTRO DE AIRE PRIMARIO MOTOR ,,AF25557/ARS8889,,UND,2,A
SANDVIK,JUMBO DD210/BOLTER,6,FILTRO SEPARADOR DE ACEITE  COMPRESOR,,BG0032824,,UND,1,A
SANDVIK,DD210/BOLTER,7,FILTRO DE ACEITE DE COMPRESORA,,BG00323815,,UND,1,
SANDVIK,SMALL BOLTER / JUMBO DD210 ,8,FILTRO DE AIRE SECUNDARIO MOTOR,,AF25558,,UND,4,
SANDVIK,DD210/BOLTER,9,FILTRO HIDRAULICO,,HF28858,,UND,3,
SANDVIK,JUMBO DD210,10,FILTRO ALTA PRESION,,HF30747,,UND,0,
SANDVIK,JUMBO DD210,11,FILTRO DE AIRE COMPRESOR ,,ARS1110,,UND,0,
SANDVIK,DD210,12,FILTRO HIDRAULICO,,P763185,,UND,1,A
SANDVIK,DS311,13,KIT DE SELLOS CILINRO TEMPLADOR CABLE,,BT00002943,,UND,1,A
SANDVIK,JUMBO DD210,14,KIT DE SELLOS CILINDRO EXTENSION GATAS,,,,UND,2,A
SANDVIK,JUMBO DD210,15,KIT DE SELLOS CILINDRO DE AVANCE,,,,UND,2,A
SANDVIK,JUMBO DD210,16,KIT DE SELLOS GATA POSTERIOR,,,,UND,1,A
SANDVIK,JUMBO DD210,17,PRESURE RELIEF VALVE ,88655169, RV10 -26A-0-N-04,,UND,1,A
SANDVIK,JUMBO DD210,18,VALVULA REGULADORA DE PRESION ,,,,UND,1,A
SANDVIK,JUMBO DD210,19,VALVULAS DOBLE CHECK,,,,UND,4,A
SANDVIK,JUMBO DD210,20,CANDADO PARA CADENA DEL CABLE REEL,,,,UND,1,A
SANDVIK,,21,SHANK  THRUST,86334125,,,UND,1,A
SANDVIK,,22,BROCA 51,,,,UND,1,
SANDVIK,JUMBO DD210,23,MOTOR HIDROSTATICO,,,,UND,1,ALMACEN 1 -PISO
SANDVIK,RD314,24,CHUCK DE PERFORADORA ,,,,UND,1,PISO
SANDVIK,DD210,25,BOMBA HIDRAULICA TRIPLE,,,,UND,1,PISO
SANDVIK,DD321,26,RODAJE DE VIGA ,,,,UND,2,A
SANDVIK,DD210,27,BOMBA DE AGUA ,,,,UND,0,PISO
SANDVIK,DD321,28,CABLE DE VIGA DE BRAZO,,,,UND,2,
SANDVIK,DD311,29,BOMBA DE PERFORACION,,,,UND,0,
SANDVIK,DD311,30,,,,,UND,2,PISO
SANDVIK,JUMBO DD210,31,FILTRO DE ACEITE DE COMPRESORA,BG00208795,,,UND,1,A
SANDVIK,JUMBO DD210 - TALLER,32,FILTRO HIDRAULICO ELEMENTO,,937981Q,,UND,1,A
SANDVIK,,33,DIAPHRAGM,9260298,,,UND,2,A
SANDVIK,JUMBO DD321,34,FAJA PARA COMPRESOR DE AIRE ,,,,UND,2,A
SANDVIK,DD210,35,BOMBA HIDROSTATICA,,,,UND,1,PISO
JUMBO DD320-DD321,DD320 DD321,1,FILTRO DE COMBUSTIBLE SECUNDARIO  ,BG01457356,,,UND,22,A
JUMBO DD320-DD321,DD320 - DD321,2,DEF TANK FILTER    ,BG 006 462 44,,,UND,8,A
JUMBO DD320-DD321,DD320 - DD321,3,FILTRO DE ACEITE DE TRANSMISION    ,77794282,,,UND,1,A
JUMBO DD320-DD321,DD320 DD321,2,FILTRO SEPARADOR DE AGUA      ,55037833,,,UND,10,A
JUMBO DD320-DD321,DD320S,3,FILTRO DE AIRE SECUNDARIO COMPRESOR ,55071791/P780018,,,UND,1,A
JUMBO DD320-DD321,DD320 - DD321,4,FILTRO DE ADMISION DE AIRE PRIMARIO   ,55193392,,,UND,16,F
JUMBO DD320-DD321,DD320 - DD321,3,FILTRO DE ADMISION DE AIRE SECUNDARIO    ,55200152,,,UND,7,F
JUMBO DD320-DD321,DD320 - DD321,4,FILTRO DE ACEITE ,BG00323815,,,UND,3,A
JUMBO DD320-DD321,DD320S,5,FILTRO DE AIRE PRIMARIO ,55071773(P778979),,,UND,1,A
JUMBO DD320-DD321,DD321,4, FILTRO DE ACEITE COMPRESOR,55071761,,,UND,10,A
JUMBO DD320-DD321,DD321,5,FILTRO COLADOR DE CAÑERIA DE ACEITE ,85588619,,,UND,1,D
JUMBO DD320-DD321,DD321,6,FILTRO SECADOR,88321789,,,UND,1,A
JUMBO DD320-DD321,DD320 - DD321,5,FILTRO SEPARADOR DE AGUA DE COMBUSTIBLE   , BG 003 594 90    ,,,UND,5,A
JUMBO DD320-DD321,DD320 - DD321,6,FILTRO DE ACEITE DE MOTOR    ,552 173 23       ,,,UND,15,A
JUMBO DD320-DD321,DD320 - DD321,7,FILTRO DE COMBUSTIBLE          ,BG 014 573 56  ,,,UND,22,A
JUMBO DD320-DD321,DD320 - DD321,6,UREA FILTER    ,BG 006 084 73       ,,,UND,8,A
JUMBO DD320-DD321,DD320 - DD321,7,FILTRO DE RETORNO TANQUE HIDRAULICO  ,  BG00630940,,,UND,7,G
JUMBO DD320-DD321,DD320 - DD321,8,"VALVE, SPOOL, DIRECTIONAL    BG01317517", BG01317517,,,UND,2,B
JUMBO DD320-DD321,DD320 DD321,7,"VALVE, PRESSURE RELIEF    88544409",88544409,,,UND,1,B
JUMBO DD320-DD321,DD320 DD321,8,"VALVE, SPOOL, DIRECTIONAL    77007557",77007557,,,UND,1,B
JUMBO DD320-DD321,DD320 DD321,9,"VALVE, SPOOL, DIRECTIONAL    77007558",77007558,,,UND,2,B
JUMBO DD320-DD321,DD320 DD321,8,"VALVE, PRESSURE RELIEF  BG00771980",BG00771980,,,UND,1,B
JUMBO DD320-DD321,DD320 - DD321,9,VALVE PRESSURE RELIEF   88110859,88110859,,,UND,2,B
JUMBO DD320-DD321,DD320 DD321,10,OVER CENTER VALVE    ,88770619,,,UND,1,B
JUMBO DD320-DD321,DD320 DD321,9,SEQUENCE VALVE    ,88770339,,,UND,1,B
JUMBO DD320-DD321,DD321,10,VALVULA ,80759069,,,UND,1,B
JUMBO DD320-DD321,DD320 DD321,11,SHUTTLE VALVE ,81255399,,,UND,1,B
JUMBO DD320-DD321,DD320 DD321,10,VALVE SEAT  ,04824518 / 04973428,,,UND,2,B
JUMBO DD320-DD321,DD320S,11,FLUSHING VALVE ASSEMBLY ,55200661,,,UND,2,B
JUMBO DD320-DD321,DD320 - DD321,12,"VALVE, THROTTLE CHECK R1/4-R1/4   ",80822699,,,UND,3,B
JUMBO DD320-DD321,DD320 - DD321,11,"VALVE, SPOOL, DIRECTIONAL   ",55077074,,,UND,2,B
JUMBO DD320-DD321,DD320 - DD321,12,"VALVE, COUNTERBALANCE   ",BG00764246,,,UND,0,B
JUMBO DD320-DD321,DD320 - DD321,13,"VALVE, PRESSURE REDUCING   88110609",88110609,,,UND,1,B
JUMBO DD320-DD321,DD320 - DD321,12,"VALVE, PRESSURE RELIEF   BG01320284",BG01320284,,,UND,1,B
JUMBO DD320-DD321,DD321,13,Valvula de descarga,BG00323879 ,,,UND,1,B
JUMBO DD320-DD321,DD321,14,TAPA DE VALVULA,85168219,,,UND,16,D
JUMBO DD320-DD321,DD320 - DD321,13,"VALVE, COUNTERBALANCE Q 30 l/min, p_max 350 bar   ",BG00342726,,,UND,8,B
JUMBO DD320-DD321,DD320 - DD321,14,"VALVE, SPOOL, DIRECTIONAL   ",BG01320924,,,UND,1,B
JUMBO DD320-DD321,DD320 - DD321,15,"VALVE, SPOOL, DIRECTIONAL  ",55224431,,,UND,1,B
JUMBO DD320-DD321,DD321,14,"VALVE, SPOOL, DIRECTIONAL   ",BG01404692,,,UND,1,B
JUMBO DD320-DD321,DD320 - DD321,15,RELAY 1K101    ,80114749,,,UND,4,B
JUMBO DD320-DD321,DD320 - DD321,16,PHASE SEQUENCE RELAY K320   ,88312359,,,UND,2,B
JUMBO DD320-DD321,DD320 - DD321,15,RELAY 230VAC K471    ,80458849,,,UND,2,B
JUMBO DD320-DD321,DD320 - DD321,16,"RELAY K400, K401, K403, K404   ",55087919,,,UND,4,B
JUMBO DD320-DD321,DD321,17,CONTACTOR (Arranque estrella triangulo)    ,85854349,,,UND,0,B
JUMBO DD320-DD321,DD320 - DD321,16,"RELAY 24VC K231, K241, K602, K78  ",88815209,,,UND,6,B
JUMBO DD320-DD321,DD321,17,"TIME RELAY 0.1s…10h K70, K78, K129, K130,    ",88439949,,,UND,2,B
JUMBO DD320-DD321,DD320 DD321,18,O-RING 80199309,80199309,,,UND,4,B
JUMBO DD320-DD321,DD320 DD321,17,O-RING 80199429,80199429,,,UND,4,B
JUMBO DD320-DD321,DD320 DD321,18,O-RING 55012805,55012805,,,UND,2,B
JUMBO DD320-DD321,DD320 - DD321,19,O-RING   52216670,52216670,,,UND,12,B
JUMBO DD320-DD321,DD320 - DD321,18,O-RING   AF25020508,AF25020508,,,UND,11,B
JUMBO DD320-DD321,DD320 - DD321,19,O-RING  AF25010520,AF25010520,,,UND,2,B
JUMBO DD320-DD321,DD320 - DD321,20,SENSOR ASSEMBLY   ,55200397,,,UND,4,B
JUMBO DD320-DD321,DD320 - DD321,19,STRAIGHT GREASE NIPPLE M8    ,55156223,,,UND,1,D
JUMBO DD320-DD321,DD320 - DD321,20,SEAL KIT   BG01047797,BG01047797,,,UND,3,C
JUMBO DD320-DD321,DD320 DD321,21,NOISE REDUCER (SILENCIADOR DE COMPRE) ,55210317,,,UND,1,D
JUMBO DD320-DD321,DD320 DD321,20, JUEGO DE SELLOS OLD ,86930549 / 86930419,,,UND,1,D
JUMBO DD320-DD321,DD320 DD321,21, SEAL KIT  55200891,55200891,,,UND,1,D
JUMBO DD320-DD321,DD321,22,SELLO ,80103149,,,UND,2,D
JUMBO DD320-DD321,DD320 - DD321,21,SEAL KIT 88472049,88472049,,,UND,1,C
JUMBO DD320-DD321,DD320 - DD321,22,SELECTOR SWITCH   ,55164982,,,UND,2,B
JUMBO DD320-DD321,DD320 - DD321,23,SEAL 86959869,86959869,,,UND,2,B
JUMBO DD320-DD321,DD321,22,SEAL  -JUNTA EN U 45X60X10,87218939,,,UND,36,E
JUMBO DD320-DD321,DD320S,23, FAN CLUTCH ASSEMBLY,55202370,,,UND,1,E
JUMBO DD320-DD321,DD320 - DD321,24,PERNO DE CARDAN ,AF00100557,,,UND,4,D
JUMBO DD320-DD321,DD321,23,PERNO,55003400,,,UND,0,
JUMBO DD320-DD321,DD320 - DD321,24,PIN D:40 L:132   ,26511761,,,UND,1,C
JUMBO DD320-DD321,DD320 - DD321,25,PIN  D:28   ,20890738,,,UND,2,B
JUMBO DD320-DD321,DD320 - DD321,24,"PIN, TAPER D50 L156  ",26438771,,,UND,1,C
JUMBO DD320-DD321,DD320 - DD321,25,"PIN, TAPER   26438802",26438802,,,UND,1,C
JUMBO DD320-DD321,DD320 - DD321,26,"PIN, TAPER D70 L166   ",26438801,,,UND,1,C
JUMBO DD320-DD321,DD320 - DD321,25,"PIN, TAPER D50 L172  ",26438772,,,UND,1,C
JUMBO DD320-DD321,DD320 - DD321,26,GUIDE PIN   ,55156282,,,UND,1,B
JUMBO DD320-DD321,DD320 DD321,27,ROTATION BUSHING ,55057798,,,UND,1,C
JUMBO DD320-DD321,DD320 DD321,26,BEARING BUSHING ,BG00791171  ,,,UND,2,B
JUMBO DD320-DD321,DD320 DD321,27,BUSHING ,15271108,,,UND,0,B
JUMBO DD320-DD321,DD320 - DD321,28,"BUSHING, BEARING D36 d32 ",59943148,,,UND,2,B
JUMBO DD320-DD321,DD320 - DD321,27,BUSHING    ,70180436,,,UND,2,B
JUMBO DD320-DD321,DD320 DD321,28,PRESSURE SWITCH 15-160BAR    ,87025509,,,UND,4,B
JUMBO DD320-DD321,DD320 DD321,29,"SWITCH, PRESSURE   BG01070804",BG01070804,,,UND,2,B
JUMBO DD320-DD321,DD320 - DD321,28,"SWITCH, PRESSURE   ",BG01676145,,,UND,1,B
JUMBO DD320-DD321,DD320 - DD321,29,RADIATOR CAP    , BG01364989,,,UND,1,D
JUMBO DD320-DD321,DD321,30,ADAPTADOR R6 JIC8 ,20714468 / 86577209,,,UND,2,D
JUMBO DD320-DD321,DD320 DD321,29,"ADAPTER, MALE STUD CONNECTOR ",AF10140014 / 81799129,,,UND,2,D
JUMBO DD320-DD321,DD320 DD321,30,PASADOR ,04973558 / 04824498,,,UND,2,D
JUMBO DD320-DD321,DD320 - DD321,31,CENTRALIZADOR DEL.,33191231,,,UND,1,B
JUMBO DD320-DD321,DD320 - DD321,30,ADAPTADOR ,55005676,,,UND,4,D
JUMBO DD320-DD321,DD320 - DD321,31,HEXAGON HEAD BOLT M20X150 8.8   ,44283140,,,UND,9,C
JUMBO DD320-DD321,DD320 - DD321,32,"SCREW, HEXAGON HEAD, PARTIAL THREAD       ",AF00101232 ,,,UND,4,C
JUMBO DD320-DD321,DD320 DD321,31,"WASHER, LOCK, DISC-LOCK ",AF03000034/06587414,,,UND,15,D
JUMBO DD320-DD321,DD320 - DD321,32,BELT    ,55205056,,,UND,2,C
JUMBO DD320-DD321,DD320 - DD321,33,LENS    ,BG01435871,,,UND,4,B
JUMBO DD320-DD321,DD320 - DD321,32,HUSILLO ,45378768,,,UND,4,D
JUMBO DD320-DD321,DD320 - DD321,33,AUXILIARY CONTAC ,55171584,,,UND,4,D
JUMBO DD320-DD321,DD321,34,*CLAMP  ,28067890,,,UND,10,E
JUMBO DD320-DD321,DD320 - DD321,33,PLATE   ,20835308,,,UND,20,B
JUMBO DD320-DD321,DD320 - DD321,34,TENSOR CORREA  MULTIPLE MOTOR,LCA9062006770,,,UND,1,B
JUMBO DD320-DD321,DD320 - DD321,35,GASKET PLATE S1.0  ,15274818,,,UND,17,C
JUMBO DD320-DD321,DD320 - DD321,34,"GUIDE RING, PISTON ROD 9.7x45/50  ",55066836,,,UND,164,C
JUMBO DD320-DD321,DD320 DD321,35,"DIAPHRAGM Stem-type, D120   ",O9260298,,,UND,1,D
JUMBO DD320-DD321,DD320 DD321,36,SCREW CHC M14X25 CL12-9 RAW    ,73702505,,,UND,44,C
JUMBO DD320-DD321,DD320 - DD321,35,ALTERNATOR   ,55201971,,,UND,2,C
JUMBO DD320-DD321,DD320 DD321,36,SOLENOID  ,88639149,,,UND,3,B
JUMBO DD320-DD321,DD320 - DD321,37,"BUTTON, EMERGENCY STOP Complete    ",55047182,,,UND,1,B
JUMBO DD320-DD321,DD320 DD321,36,JUNTA TORICA,81953209,,,UND,9,D
JUMBO DD320-DD321,DD320 DD321,37, DIRECCIONAL 3/3,88129179,,,UND,1,B
JUMBO DD320-DD321,DD321,38,COVERTOR DE GOMA,4768968,,,UND,28,C
JUMBO DD320-DD321,DD320 DD321,37, CUBIERTA (2776790),8537018,,,UND,36,E
JUMBO DD320-DD321,DD321,38,BRIDA ,34571092,,,UND,6,D
JUMBO DD320-DD321,DD320 DD321,39,SPRING ,50077708 / 55012988,,,UND,2,D
JUMBO DD320-DD321,DD320 DD321,38,PLUG ,4828688,,,UND,4,C
JUMBO DD320-DD321,DD320 DD321,39,NOZZLE ,BG01483504 /88163949,,,UND,1,D
JUMBO DD320-DD321,DD320 - DD321,40,HEXAGON BOLT M 10 X 25 MM ISO 4017 ,AF00100526/06530422,,,UND,20,C
JUMBO DD320-DD321,DD320 - DD321,39,ENCHUFE TERMINAL ,88636409,,,UND,1,D
JUMBO DD320-DD321,DD320 - DD321,40,SHANK HLX5 R32 500 mm.    ,,,,UND,1,D
JUMBO DD320-DD321,DD320 - DD321,41,RUBBER BUFFER   ,BG01051104       ,,,UND,4,E
JUMBO DD320-DD321,DD320 - DD321,40,DOUBLE LOCK WASHER M12  , AF03000032       ,,,UND,16,D
JUMBO DD320-DD321,DD320 - DD321,41,WIPER   ,55000385,,,UND,1,C
JUMBO DD320-DD321,DD320 - DD321,42,SCREW  , AF00100529,,,UND,12,C
JUMBO DD320-DD321,DD320 - DD321,41,CARTRIDGE   ,77010012,,,UND,1,B
JUMBO DD320-DD321,DD320 - DD321,42,HOURMETER   ,55033867,,,UND,1,B
JUMBO DD320-DD321,DD320 - DD321,43,VOLTMETER   ,88489169,,,UND,1,B
JUMBO DD320-DD321,DD320 - DD321,42,PUSH BUTTON   ,55083335,,,UND,2,B
JUMBO DD320-DD321,DD320 - DD321,43,FRAME SLIDE ,26337508,,,UND,2,E
JUMBO DD320-DD321,DD320 - DD321,44,TOOL ,15209878,,,UND,1,E
JUMBO DD320-DD321,DD320 - DD321,43, CABLE DE ACERO,55038503,,,UND,2,E
JUMBO DD320-DD321,DD320 - DD321,44, ARANDELA TERCA,AF03000036,,,UND,16,D
JUMBO DD320-DD321,DD320 - DD321,45,DAMPER ,55150127,,,UND,4,D
JUMBO DD320-DD321,DD320 - DD321,44,RUEDA GUIA,33277938,,,UND,1,C
JUMBO DD320-DD321,DD320 - DD321,45,CRUCETA DE CARDAN DELANTERO ,81457459,,,UND,1,B
JUMBO DD320-DD321,DD321,45,WIRE ROPE L=4165,55038493,,,UND,1,E
JUMBO DD320-DD321,DD321,46,SLIPPER,33001698,,,UND,61,G
JUMBO DD320-DD321,DD321,47,SHAFT,20611688,,,UND,4,B
JUMBO DD320-DD321,DD321,46, BEARING,86798699,,,UND,7,B
JUMBO DD320-DD321,DD321,47, STRIP GUIDE L=3923,55159454,,,UND,0,AFUERA
JUMBO DD320-DD321,DD321,48,HOLDING SOLENOID    ,88288549,,,UND,6,B
JUMBO DD320-DD321,DD320 - DD321,47,"CIRCLIP, INTERNAL ",AF20020070/42229200,,,UND,1,D
JUMBO DD320-DD321,DD320 - DD321,48,LOCK NUT M20   ,AF02000009       ,,,UND,1,D
JUMBO DD320-DD321,DD320 - DD321,49,CIRCLIP J30   ,55156283,,,UND,1,D
JUMBO DD320-DD321,DD320 - DD321,48,"CIRCUIT BREAKER, PROTECTIVE, MOTOR   ",BG01116836,,,UND,1,B
JUMBO DD320-DD321,DD320 - DD321,49,"CIRCUIT BREAKER, PROTECTIVE, MOTOR  ", BG01674139,,,UND,1,B
JUMBO DD320-DD321,DD320 - DD321,50,SPRING-TYPE STRAIGHT ,80008339,,,UND,2,D
JUMBO DD320-DD321,DD320 - DD321,49,"BEARING, DEEP GROOVE BALL ",AF21040465  ,,,UND,5,B
JUMBO DD320-DD321,DD320 - DD321,50,FRAME SLIDE     ,55017281,,,UND,2,E
JUMBO DD320-DD321,DD320 - DD321,51,SCREW        ,77021848,,,UND,13,C
JUMBO DD320-DD321,DD320 - DD321,50,FRAME       ,26368468,,,UND,1,C
JUMBO DD320-DD321,DD320 - DD321,51,JAW       ,26393408,,,UND,1,C
,HURON VA30 MOTOR DEUTZ,1,MOTOR LIMPIAPARABRISAS 24V,01-00225,,POR VERIFICAR CAJA CERRADA ,UND,1,A
,HURON VA30 MOTOR DEUTZ,2,ELECTROVENTILADOR 12V,01-00809,,POR VERIFICAR CAJA CERRADA ,UND,1,A
,HURON VA30 MOTOR DEUTZ,3,BOBINA DISTRIBUIDOR GIRO BOMBO 24V,01-00852,01.04.00012,POR VERIFICAR CAJA CERRADA ,UND,3,A
,HURON VA30 MOTOR DEUTZ,4,EMPAQUETADURA CILINDRO DIRECCIÓN,21-00054,,POR VERIFICAR CAJA CERRADA ,UND,1,A
,HURON VA30 MOTOR DEUTZ,5,TRANSMISIÓN CENTRAL H30/CH14,52-00058,04.08.00008,POR VERIFICAR CAJA CERRADA ,UND,1,PISO
,HURON VA30 MOTOR DEUTZ,6,MOTOR GIRO BOMBO H30,07-00163,,POR VERIFICAR CAJA CERRADA ,UND,1,PISO
,HURON VA30 MOTOR DEUTZ,7,RODAMIENTO RODILLO,10-793,09.02.00001,POR VERIFICAR CAJA CERRADA ,UND,2,A
,HURON VA30 MOTOR DEUTZ,8,BULON RODILLO,19-010,5.1300003,POR VERIFICAR CAJA CERRADA ,UND,2,A
,HURON VA30 MOTOR DEUTZ,9,RODILLO COMPLETO,19-012,5.1300001,POR VERIFICAR CAJA CERRADA ,UND,2,B
,HURON VA30 MOTOR DEUTZ,10,BOMBA GIRO BOMBO H30,07-00158,06.01.00018,POR VERIFICAR CAJA CERRADA ,UND,1,B
,HURON VA30 MOTOR DEUTZ,11,FILTRO DE ASPIRACIÓN,20-068 A,,POR VERIFICAR CAJA CERRADA ,UND,4,A
,HURON VA30 MOTOR DEUTZ,13,FILTRO ACEITE CONVERTIDOR,23 00159 ,581/R5206,,UND,1,A
,HURON VA30 MOTOR DEUTZ,12,CARTUCHO FILTRO RETORNO,20-103 A,,POR VERIFICAR CAJA CERRADA ,UND,2,A
,HURON VA30 MOTOR DEUTZ,13,ORBITROL,07-00077,,POR VERIFICAR CAJA CERRADA ,UND,1,A
,HURON VA30 MOTOR DEUTZ,14,CORREA MOTOR-COMPRESOR AIRE DEUTZ,39-00252,02.02.00003,POR VERIFICAR CAJA CERRADA ,UND,1,PISO
,HURON VA30 MOTOR DEUTZ,15,CORREA MOTOR DEUTZ BF4M2012C,39-00267,02.02.00004,POR VERIFICAR CAJA CERRADA ,UND,1,PISO
,HURON VA30 MOTOR DEUTZ,16,MOTOR DE ARRANQUE DEUTZ 12V,39-00144,2.0200006,POR VERIFICAR CAJA CERRADA ,UND,1,B
,HURON VA30 MOTOR DEUTZ,17, ,,04.08.00017,POR VERIFICAR CAJA CERRADA ,UND,1,PISO
,HURON VA30 MOTOR DEUTZ,18,CRUZETA,52-00008,04.08.00015,POR VERIFICAR CAJA CERRADA ,UND,1,PISO
,HURON VA30 MOTOR DEUTZ,19,BOMBA DOBLE SERVICIOS H30,07-00160,06.01.00005,POR VERIFICAR CAJA CERRADA ,UND,3,B
,HURON VA30 MOTOR DEUTZ,20,BOBINA 12V CONVERTIDOR,01-00832,01.04.000011,POR VERIFICAR CAJA CERRADA ,UND,1,A
,HURON VA30 MOTOR DEUTZ,22,ALTERNADOR 12V MOTOR DEUTZ BF4M2012C,39-00283,,POR VERIFICAR CAJA CERRADA ,UND,1,B
,HURON VA30 MOTOR DEUTZ,23,RETEN PIÑON DE ATAQUE ,271307,,,UND,2,A
LORENZANA,,1,FILTRO DE AIRE PRIMARIO Y SECUNDARIO,23-00160,C 16 400 ,,UND,7,
LORENZANA,,2,FILTRO DE AIRE COMPRESOR  SECUNDARIO ,,CF 500/1,,UND,3,
LORENZANA,HURON 30VA,3,FILTRO DIESEL ,,0118 0597,,UND,1,A
LORENZANA,,4,FILTRO HIDRAULICO,,P163542,,UND,1,B
LORENZANA,,5,ELEMENTO FILTRO,,294073005,,UND,1,A
LORENZANA,,6,ELEMENTO FILTRO,,425836,,UND,3,A
LORENZANA,,7,FILTRO DE ACEITE DE MOTOR ,,P552518,,UND,1,A
LORENZANA,,8,FILTRO,,R902603298,,UND,1,
LORENZANA,,9,FILTRO HIDRAULICO DE RETORNO,,HF35082,,UND,1,B
LORENZANA,ROBOT 30.14/ BOLTER ,10,FILTRO DE ADMISION PRIMARIO ,,P828889,,UND,1,
LORENZANA,ROBOT 30.14,11,FILTRO DE ADMICION PRIMARIO Y SECUNDARIO,,P828889,,UND,7,
LORENZANA,ROBOT 30.14,12,FILTRO DE ACEITE,,P554407,,UND,1,A
LORENZANA,,13,FILTRO DE ACEITE BOMBA LINDE,,HF35345,,UND,1,B
LORENZANA,,14,FILTRO AIRE COMPRESOR PRIMARIO,2300074,C23513/1,,UND,3,
LORENZANA,,15,FILTRO COMPRESOR SULLAIR,,P565245,,UND,2,A
LORENZANA,ROBOT 20.10,16,FILTRO DE ACEITE COMPRESOR ,,HF6535,,UND,1,B
LORENZANA,ROBOT 20.10,17,FILTRO DE ACEITE COMPRESOR ,,HF6173,,UND,1,B
LORENZANA,EQUIPO SCALER-HURON 4- ROBOT SPRAYCON 20.10,18,FILTRO DE ACEITE DE MOTOR ,P553771,P553771 / 0118 3574 , ,UND,19,A
LORENZANA,HURON30VA,19,FILTRO DE AIRE ADMISION PRIMARIO Y SECUNDARIO,,SJA16400,,UND,4,
LORENZANA,HURON 4,20,FILTRO DE ALTA PRESION,,G04256,,UND,1,B
LORENZANA,ROBOT 18.9,21,FILTRO DE ALTA PRESION,,62277004,,UND,2,B
LORENZANA,EQUIPO SCALER-HURON 4- ROBOT SPRAYCON 20.10,22,FILTRO DE COMBUSTIBLE,21-204,FF5785 (  FLEETGURD) / 01182671  ( DEUTZ),,UND,2,A
LORENZANA,HURON 4 CMH,23,FILTRO HIDRAULICO DE BOMBA  DE GIRO DE CUBA,,P765352,,UND,0,B
LORENZANA,EQUIPO ROBOT SPRAYCON 30.14,24,FILTRO DE PETROLEO ,26560201 (PERKINS),SFF 0201E,,UND,4,B
LORENZANA,HURON 4,25,FILTRO DE RETORNO HIDRAULICO,,932670Q,,UND,1,B
LORENZANA,,26,FILTRO DE SUCCION CON CHECK 11/2,,SC3 030H RB3,,UND,1,B
LORENZANA,,27,FILTRO DE SUCCION CON CHECK 11/4,,SC3 015H RB3,,UND,2,B
LORENZANA,,28,FILTRO HIDRAULICO,,HF6252,,UND,1,B
LORENZANA,,29,FILTRO HIDRAULICO DE CARTUCHO ,,HF35377,,UND,2,
LORENZANA,ROBOT 18.9,30,FILTRO PETROLEO MOTOR,,P550881,,UND,2,A
LORENZANA,,31,FILTRO RECAMBIO,E92 080,,,UND,2,B
LORENZANA,,32,FILTRO SEPARADOR,23 00076,,,UND,3,
LORENZANA, SPRAYCON 30.14,33,FILTRO SEPARADOR DE AGUA,23-00012,P556245,,UND,5,
LORENZANA,HURON 30VA,34,PREFILTRO COMBUSTIBLE ,,1172715,,UND,3,B
LORENZANA,,35,FILTRO,,SF086A112GR090/08,,UND,1,
LORENZANA,ROBOT SPRAYCON 30.14,36,FILTRO DE COMBUSTIBLE ,,P553004,,UND,7,B
LORENZANA,HURON 2,37,FILTRO DE COMBUSTIBLE,,0412 0751,MOTOR DEUTZ,UND,2,A
LORENZANA,TODOS EQUIPOS,38,FILTRO DE COMBUSTIBLE ,,P554770,,UND,1,B
LORENZANA,HURON 2,39,FILTRO COMBUSTIBLE PREVIO,,0413 0241,MOTOR DEUTZ,UND,2,A
LORENZANA,HURON 2,40,ELEMENTO FILTRANTE DE ACEITE,,0117 4416,MOTOR DEUTZ,UND,2,
LORENZANA, SCALER-HURON 4- ROBOT SPRAYCON 20.10,41,CONJUNTO DE FILTRO ADMISION ,21-175,AF26395 / C20500,,UND,8,
LORENZANA,PARTINDUS,42,CARTUCHO FILTRO ASPIRACION ,,23-00058,,UND,0,
LORENZANA,,43,ELEMENTO FILTRANTE,,0110 D 010,,UND,0,
LORENZANA,,44,FILTRO HIDRAULICO,,P169078,,UND,2,
LORENZANA,,45,FILTRO DE AIRE COMPRESOR SULLAIR,,,,UND,1,
LORENZANA,,46,FILTRO SEPARADOR DE AGUA,,0450 4438 - DEUTZ,,UND,0,
LORENZANA,,47,CHUMACERA UCP 210,,,,UND,2,F
LORENZANA,ROBOT 20.10 - BOMBA DE CONCRETO ,48,ANILLO PLACA GAFAS,44-00720,,MUESTRA,UND,0,E
LORENZANA,,49,DISCO DE FRENO ,,CI 143874,,UND,2,E
LORENZANA,ROBOT 20.10,50,COPA DE CILINDRO DE TRANSPORTE PARA BOMBA ALIVA,,,,UND,0,
LORENZANA,ROBOT 20.10,51,CARTUCHO DISTRIBUIDOR PROPORCIONAL ,01-00370,,,UND,2,D
LORENZANA,ROBOT 20.10,52,SELLO GIRATORIO,,,,UND,1,E
LORENZANA,ROBOT20.10,53,RODAMIENTO FRONTAL,44-00709,,MUESTRA,UND,0,
LORENZANA,,54,TOBERA DN35,,,,UND,3,
LORENZANA,,55,TOBERA DN40,44-00663,,DEVOLUCION JRC 6,UND,0,
LORENZANA,,56,TOBERA DN50,44-00663,,,UND,5,
LORENZANA,EQUIPO SCALER-HURON 4- ROBOT SPRAYCON 20.10,57,ALTERNADOR NUEVO,39-00077,,,UND,1,
LORENZANA,,58,CAMISA CUERPO DIFUSOR,44-00681,TODOS LOS ROBOT,ENVIO A ARCATA 22/11,UND,0,
LORENZANA,ROBOT 20.10,59,BOMBA POWER PACK,,,,UND,1,piso
LORENZANA,EQUIPOS PARTINDUS,60,ACUMULADOR DE FRENOS,,,,UND,0,
LORENZANA,DD051801,61,KIT DE CILINDRO TELESCOPICO,,,,UND,1,D
LORENZANA,ROBOT 20.10,62,KIT DE MANGUITO DE EMBOLO DN150 MAS ANILLO DE GIA,,,,UND,4,E
LORENZANA,ROBOT 20.10,63,KIT DE SELLOS CILINDRO BUZO,,,,UND,7,C
LORENZANA,ROBOT 20.10,64,KIT DE SELLOS CILINDRO DE DIRECCION,,,,UND,1,C
LORENZANA,HURON 4 - SCALER,65,KIT DE SELLOS CILINDRO DE DIRECCION ,37-00384,,,UND,3,C
LORENZANA,ROBOR 20.10,66,KIT DE SELLOS CILINDRO EXTENSION BRAZO,,,,UND,1,C
LORENZANA,SCALER,67,KIT DE SELLOS CILINDRO EXTENSION DE GATA,,,,UND,1,C
LORENZANA,ROBOT 20.10 - BOMBA DE CONCRETO ,68,KIT DE SELLOS DE LA BOCINA TUBO DE DESCARGA BOMBA DE CONCRETO,,,,UND,1,C
LORENZANA,ROBOT 20.10 ,69,KIT DE SELLOS HIDRAULICOS PARA CILINDRO DE EXTENCION,,,,UND,2,C
LORENZANA,ROBOT 20. 10,70,KIT DE SELLOS HIDRAULICOS PARA CILINDRO DE LEVANTE,,,,UND,3,C
LORENZANA,ROBOLT,71,KIT DE SELLOS UNIDAD DE GIRO,,,,UND,1,C
LORENZANA,,72,KIT EMPAQUETADURA BOTELLA ELEVACION BRAZO BT-7,40 076A,,,UND,1,C
LORENZANA,ROBOT 20.10,73,KIT EMPAQUETADURA BOTELLA PATE DE LA DUODECIMA,21-00034,,,UND,1,C
LORENZANA,SACALER,74,KIT DE SELLO CILINDRO DE LEVANTE,,,,UND,1,C
LORENZANA,SCALER,75,KIT DE SELLO CILINDRO DE BASCULACION ,,,,UND,1,C
LORENZANA,SCALER,76,KIT DE SELLO CILINDRO EXTENSION ,,,,UND,3,C
LORENZANA,HURON 4,77,KIT DE SELLOS CILINDRO DE TAPA DE CUBO,,,MUESTRA,UND,1,C
LORENZANA,HURON 4,78,CARDAN,,,FRANK COLOCARÁ N/P,UND,1,PISO
LORENZANA,ROBOT 20.10,79,CRUCETA DE ORBITOR PINCEL,***,04371-36021,,UND,1,D
LORENZANA,HURON 4,80,CRUCETA ORBITROL,,,FRANK COLOCARÁ N/P,UND,1,D
LORENZANA,HURON 4,81,CRUCETA PARA CARDAN ,,,,UND,5,D
LORENZANA,ROBOT 20.10,82,CRUCETA PARA PALIER EJE DANA,,,,UND,1,D
LORENZANA,ROBOT 20.10,83,CRUCETA TRANSMICION ,,BL 330,FALTA N/P,UND,1,D
LORENZANA,TODOS EQUIPOS,84,CRUCETA EXCENTRAL,,,,UND,1,D
LORENZANA,ROBOT 20.10,85,SENSOR DE CILINDRO BOMBEO DD,01-00499, 01.03.00009,ROBOT SPRAYCON  20.10 -ROBOT CH14,UND,3,C
LORENZANA,,86,SENSOR DE VELOCIDAD DE 12 V,,04.07.00084,,UND,1,C
LORENZANA,ROBOT 20.10,87,SENSOR INDUCTIVO TUBO S ,,,SE ATENDIO A UNICON + STEPHANY REPUSO 6 UND,UND,6,C
LORENZANA,,88,SENSOR DE CILINDRO BOMBEO  PM 500,,,,UND,1,C
LORENZANA,SPRAYCON 20.10,89,SENSOR DE POSICION CIGÜEÑAL ,,,,UND,1,C
LORENZANA,SPRAYCON 20.10,90,SENSOR DE EJE DE LAVAS MOTOR DEUTZ,,,,UND,1,C
LORENZANA,SAPRAYCON 20.10,91,SENSOR INDUCTIVO,,,,UND,1,C
LORENZANA,SCALER,92,SENSOR INDUCTIVO PARA GATAS ,ELECT.0460,01.03.00005,"SE COMPRARON 10 UND, Y 4 UND DESTINADAS AL EQUIPO EN REP. SCALER - INGRESAR AL STOCK EL RESTO",UND,9,C
LORENZANA,EQUIPOS LORENZANA ,93,SENSOR DE NIVEL ACEITE HIDRAULICO 1/2,,,,UND,1,C
LORENZANA,HURON 4,94,RETEN (SEMI EJE),37-00046,,,UND,1,C
LORENZANA,ROBOT.20.10,95,RETEN DE PALIER LADO CUBA,,,,UND,1,D
LORENZANA,SCALER,96,JUEGO JUNTAS TÓRICAS Y COLLARINES,,11.07.00005,,UND,1,C
LORENZANA,HURON 4,97,JUNTA TORICA ,37 001 59,,,UND,3,C
LORENZANA,,98,JUNTA TORICA ,44 000 67,,,UND,4,C
LORENZANA,SCALER,99,JUNTA TORICA ( CUBO DE RUEDA ),37-00437,,,UND,2,C
LORENZANA,SCALER,100,JUNTA TORICA ,37 00429,,,UND,2,C
LORENZANA,ROBOT 20.10,101,ANILLO BOMBA DE CILINDRO  ,5044 - 00114,,1 MUESTRA,UND,0,C
LORENZANA,ROBOT 20.10,102,ANILLO DE DESGASTE,,,FRANK COLOCARÁ N/P,UND,1,E
LORENZANA,HURON 4,103,ANILLO DE SEGURIDAD ,37-00135,,,UND,4,E
LORENZANA,ROBOT 20.10,104,ANILLO RANURADO DN150,44-00114,,,UND,2,E
LORENZANA,ROBOT 20.12,105,ESPEJO,,,,UND,2,
LORENZANA,ROBOT 20.10,106,"ACOPLE DE 4""",44-00678,,,UND,4,
LORENZANA,,107,"ACOPLE DE 5.5""",,,,UND,5,
LORENZANA,,108,PALANCA DE MARCHA ,,01.08.00007,,UND,1,D
LORENZANA,,109,PALANCA DE MARCHAS ,50 145 A,,,UND,2,D
LORENZANA,ROBOT 20.10 - 18.9,110,"PELOTA DE LAVADO 4""",,2170303034,,UND,2,F
LORENZANA,ROBOT 20.10 - 18.9,111,PELOTA DE LAVADO 5-1/2,,,,UND,3,F
LORENZANA,ROBOT 20.10 - 18.9,112,"PELOTA DE LAVADO 3""",,,,UND,1,F
LORENZANA,,113,FAJA BANDO 10PK1470 VENTILADOR MOTOR 20.12,,,,UND,2,F
LORENZANA,ROBOT 20.10,114,FAJA DE ALTERNADOR ,,,,UND,1,F
LORENZANA,HURPON 4,115,FAJA DE ALTERNADOR ,,,,UND,2,F
LORENZANA,,116,FARO LED,,,,UND,3,C
LORENZANA,,117,FAJA DE MOTOR CUMINS 4.5 ,,,NO COMPATIBLE,UND,1,F
LORENZANA,ROBOT 20.10,118,PANTALLA DE BOMBEO DD,01-00584,01.11.00009,1 und se uso en el equipo robot 20.10 - DD081802 Fecha 27-04 - Frank lo saco de almacen.,UND,2,D
LORENZANA,HURON 4 ,119,PANTALLA DE MOTOR ELECTRICO,ELECT.0478,02.02.00007,POR VERIFICAR CAJA CERRADA ,UND,1,D
LORENZANA,HURON 4,120,CONECTOR DE RESPIRADERO,,37 000 14,,UND,2,D
LORENZANA,,121,ESLINGA DE 2X1,,,,UND,2,F
LORENZANA,ROBO 18.9 . 20.10,122,ESLINGAS 1X1,,,,UND,5,F
LORENZANA,,123,PULSADOR ON/OFF 2  POSICIONES,,DD 051801,,UND,1,D
LORENZANA,,124,PULSADOR ON/OFF 3 POSICIONES,, DD 051801,,UND,2,D
LORENZANA,ROBOT 20.10,125,REPUESTO DE CONTROL REMOTO (PULSADOR LATERAL),,,,UND,1,D
LORENZANA,,126,DISCO DE FRENO ,,264213,,UND,2,E
LORENZANA,SCALER/HURON,127,FRENILLO ,37-00438,,,UND,1,E
LORENZANA,HURON 4,128,MANOCONTACTO ACUMULADOR PEDAL DE FRENO,,54-00052,,UND,1,D
LORENZANA,HURON,129,PIN DE PAQUETE DE FRENO,37-00426,37 00426,,UND,1,D
LORENZANA,HURON 4,130,CONTADOR DE AGUA ,03-00035,,,UND,1,D
LORENZANA,SCALER ORIGINAL,131,CABLE PARA CONTROL REMOTO,***,,,UND,1,E
LORENZANA,,132,MOTOR TRICO PARA LIMPIAPARABRISA,,,,UND,1,H
LORENZANA,SCALER,133,TRICO,,,,UND,1,H
LORENZANA,SCALER,134,BATERIA TELEMANDO  ,,01-00564,,UND,1,D
LORENZANA,,135,BOBINA 24V,,01 00429,,UND,2,D
LORENZANA,,136,BOBINA BLOQUE DIRECCION,,001 00176,,UND,2,D
LORENZANA,,137,BOBINA DE ACTUACION ELECTRICA POVEM,,06.04.00019,,UND,2,D
LORENZANA,SCALER,138,BOMBA DE AGUA ,,,,UND,2,H
LORENZANA,HURON 4,139,BOMBA DE AGUA ELECTRICA 24 DC,03-00036,SINGFLO FL-44,SE ENVIO 1 UND A ROMINA 13/11,UND,2,H
LORENZANA,SCALER - ROBOT 20.20,140,BOMBA DOBLE,,06.01.00022,,UND,1,H
LORENZANA,,141,CASQUILLO,37 001 78,,,UND,1,D
LORENZANA,ROBOT 20.10 CONTROL AVR,142,CUBIERTA PARA JOYSTICK ,,DD 051 801,,UND,1,C
LORENZANA,,143,CUERPO DIFUSOR ,,,ROBOT NUEVO,UND,0,PISO
LORENZANA,SCALER ,144,DIAPHRAGM MARTILLO SB302,3315 2350 00,,,UND,1,E
LORENZANA,SCALER,145,DISTRIBUIDOR PROPORCIONAL 6 CUERPOS,,06.04.00027,,UND,1,PISO
LORENZANA,,146,EMBOLO DE PISTON NUEVO,,,,UND,1,E
LORENZANA,ROBOT 20.10,147,GRILLETE,,,,UND,6,D
LORENZANA,EQUIPOS PARTINDUS,148,MANGUERA DE ADMISION,,,,UND,2,G
LORENZANA,SCALER,149,MEMBRANA,,11.07.00004,,UND,1,E
LORENZANA,SCALER,150,MOTOR LIMPIAPARABRISAS ,***,316 5465 30I0,,UND,1,H
LORENZANA,HURON 4,151,ORBITROL,07-00077,,,UND,2,H
LORENZANA,ROBOT 20.10,152,KIT SELLOS CILINDRO EXTENSION ,,,,UND,2,C
LORENZANA,SCALER,153,ORING PARA CILINDRO DE EXTENSION,,,,UND,2,C
LORENZANA,SCALER,154,PICA PRISMA,,11.07.00001,,UND,0,PISO
LORENZANA,ROBOT 20.10,155,PLACA GAFAS,44 00 722,,,UND,1,I
LORENZANA,HURON 4,156,RODAMIENTO CENTRAL,,,FRANK COLOCARÁ N/P,UND,1,PISO
LORENZANA,ROBOT 20.10 - BOMBA DE CONCRETO ,157,RODAMIENTO DEL CILINDRO ,44-00082,,,UND,4,C
LORENZANA,ROBOT 20.10 - BOMBA DE CONCRETO ,158,RODAMIENTO TRASERO ,44-00714,,,UND,1,PISO
LORENZANA,HURON 4,159,TRASMISIÓN SOPORTE RODAMIENTOS,TRANS-0032,UCP 210,ESTÁN ARMADOS CON AMBAS CHUMACERAS,UND,2,PISO
LORENZANA,,160,SOPORTE CENTRAL DE RODAMIENTO,,,,UND,1,PISO
LORENZANA,ROBOT-SCALER-HURON,161,TAPA DE CUBO NUEVO,,,,UND,1,PISO
LORENZANA,ROBOT 18.9,162,VASTAGO CILINDRO BUSO,,,,UND,2,H
LORENZANA,LORENZANA,163,VALVULA DE PRIORIDAD,,152B0001,,UND,1,D
LORENZANA,ROBOT 20.10,164,VIBRADOR INDUSTRIAL ELECTRICO DE CORRIENTE CONTINUA ,ELECT.0822,,27/10 - ENVIO A ARCATA - HABÍA 1 UNIDAD EN STOCK / STEPHANY COMPRO 2UND 04/11,UND,2,H
LORENZANA,ROBOT CH14,165,BOMBA CUADRUPLE,06.01.00031 ,,,UND,1,H
LORENZANA,EQUIPO HURON 4,166,BOMBA DE SERVICIOS ,07- 00075,5 0209 0546511,ATENDIDO POR FRANK DOMINGO + 1 VENTA A FREE / STEPHANY REPONE / FRANK RETIRA 1UND PARA TALLER,UND,0,H
LORENZANA,SPRAYCON 20.10,167,BASE DE BATERIA,***,DD051801,,UND,1,D
LORENZANA,SPRAYCON 20.10,168,TERMOSTATO,,,,UND,1,D
LORENZANA,,169,TARJETA ELECTRICA DE DIRECCION,,,,UND,1,D
LORENZANA,ROBOT 20.10,170,MANGUERA PARA BOMBA PERISTALTICA BREDEL,,,DEVOLUCION DE JRC,UND,2,G
LORENZANA,ROBOT 20.10,171,BOMBA SERVICIOS MOTOR ELECTRICO,,,DEVOLUCION DE JRC,UND,3,PISO
LORENZANA,HURON 4,172,MOTOR HIDROSTATICO LINDE,,,REP. NUEVO,UND,1,PISO
LORENZANA,SCALER ,173,MOTOR HIDROSTATICO ,,,,UND,1,PISO
LORENZANA,HURON 4,174,BOMBA HIDROSTATICA ,,,REPARADA ,UND,1,PISO
LORENZANA,ROBOT 20.10,175,TUBO REDUCTOR ,,,NUEVO,UND,1,PISO
LORENZANA,SCALER,176,CILINDRO DE PENDULO ,,,NUEVO,UND,1,PISO
LORENZANA,SCALER,177,CILINDRODE BASCULACION DE MARTILLO,,,NUEVO,UND,1,PISO
LORENZANA,SCALER,178,CILINDRO BASCULACION,,,,UND,0,PISO
LORENZANA,SCALER,179,AFORADOR-NIVEL GASOIL DD TIPO AFTX,,01.13.00007,,UND,1,E
LORENZANA,ROBOT 20.10,180,PM500,,,,UND,2,F
LORENZANA,,181,FILTRO HIDRAULICO,,HF6635,,UND,1,A
LORENZANA,ROBOT 20.10,182,ANILLO APRIETE,44-0721,,,UND,2,E
LORENZANA,HURON ,183,MOTOR DE LIMPIAPARABRISAS 24V 85º,ELECT.0833,312CY-6Nm TM.77.2446,,UND,0,
LORENZANA,,184,ARRANCADOR PERKINS PM 500,,,,UND,1,I
LORENZANA,,185,ARRANCADOR  MOTOR CUMINS QSB 6.7,,,,UND,2,I
LORENZANA,EQUIPO ROBOT SPRAYCON 20.10- 30.14 -PM500,186,MOTOR HIDRAULICO DE PINCEL EJE 25MM,44-00558,BMR-50P1A,,UND,2,H
LORENZANA,SACLER,187,PIN DE PENDULO,,,,UND,1,PISO
LORENZANA,SCALER,188,CILINDRO DE LEVANTE DE BRAZO,,,REPARADO,UND,1,PISO
LORENZANA,,189,ARRANCADOR MOTO CUMIMIS QSB6.7,,,,UND,2,
LORENZANA,SCALER,190,BOMBA DE ENGRANAJE DOBLE PARA MARTILLO,,,,UND,0,PISO
LORENZANA,SCALER,191,MOIL POINT,3083 3191 00,,,UND,2,PISO
LORENZANA,MIXER,192,BOMBA DE TRANMISION ,,,,UND,1,PISO
LORENZANA,SCALER - ROBOT - HURON,193,ARRANCADOR MOTOR DEUTZ TCD 2012,,,,UND,3,PISO
LORENZANA,SCALER,194,ENTRENAMIENTO,05-00026,,SE IMPORTARON  3 UND 24/03 - 1 UND DESTINADA AL SCALER . INGRESAR EL RESTO AL STOCK,UND,0,
LORENZANA,ROBOT 18.9,195,FILTRO DE ACEITE HIDRAULICO DE BRAZO,,SPE_11_010,,UND,0,
LORENZANA,SCALER ,196,KIT DE SELLOS EXTENCION DE BRAZO ,,,,UND,1,C
LORENZANA,SACALER,197,KIT DE SELLO PARA MARTILLO CDC302,,,,UND,0,B
LORENZANA,SCALER,198,SENSOR DE TEMPERATURA 7246A-010,***,,,UND,0,
LORENZANA,ROBOT 20.10,199,JUNTA DE REBORDE DN150,44-00115,,,UND,0,
LORENZANA,,200,ANILL0 RANURADO DN150,,,,UND,0,
LORENZANA,HURON 4 - SCALER - ROBOT,201,PEDAL DE ACELERADOR,ELECT-0615,01.07.00001,,UND,4,
LORENZANA,SCALER,202,TELEMANDO COMPLETO SCL3,,01.15.00009,,UND,0,
LORENZANA,ROBOT 20.10,203,BOBINA 24V (CILINDROS DE TRANSPORTE),01-00428,,,UND,0,
LORENZANA,ROBOT 20.10,204,BOBINA DANFOS PVG PROPORCIONAL,,,,UND,0,
LORENZANA,HURON 30 ROBT CH14,205,BOMBA DOBLE EQUIPOS TANDEN MINING,,,,UND,0,
LORENZANA,HURON 4,206,CONTRADISCO DE FRENO,37-00121,,,UND,0,
LORENZANA,SCALER/HURON 4,207,CUBO REDUCTOR COMPLETO EJE CARRARO,***,,,UND,0,
LORENZANA,HURON 4/SCALER,208,DISCO DE FRENO EJE CARRARO,,,,UND,0,
LORENZANA,,209,ELECTROVALVULA PVG DE BRAZO,,,,UND,0,
LORENZANA,,210,TOBERA PARA LANZADO MANUAL CON ROBOT,***,,,UND,2,
LORENZANA,SCALER,211,JOYSTICK DX,,01.08.00013,,UND,0,
LORENZANA,SCALER,212,JOYSTICK SX,,01.08.00014,,UND,0,
LORENZANA,SCALER,213,PANTALLA,,01.11.00008,,UND,0,
LORENZANA,ROBOT 20.10,214,KIT DE SELLOS CILINDRO HIDRAULICO DE ACCIONAMIENTO DE BOMBA DE CONCRETO ALIVA,,,FRANK COLOCARÁ N/P,UND,0,C
LORENZANA,ROBOT 20.7,215,MOTOR HIDRAULICO PARA MEZCLADOR,66679006,,,UND,0,
LORENZANA,FLOTA DE EQUIPOS,216,LLAVES,,,,UND,2,
LORENZANA,ROBOT 18.9,217,UNIDAD DE GIRO  360°,,,,UND,1,
LORENZANA,SCALER ,218,VENTILADOR ,,,,UND,1,
LORENZANA,SCALER ,219,PUNTA PARA MARTILLO TABE ,,,,UND,1,PISO
LORENZANA,SCALER,220,BOMBA TRASLACIÓN HPV105-02R,07-00087,06.01.00004,,UND,1,PISO
LORENZANA,ROBOT SPRAYCON  20.10 ,221,BOMBA DOBLE (POWER PACK DIESEL),07-00111,06.01.00020,,UND,2,
LORENZANA,ROBOT SPRAYCON  20.10 ,222,BOMBA BOMBEO DIESEL DB,07-00108,06.01.00023,,UND,1,PISO
LORENZANA,ROBOT SPRAYCON  20.10 ,223,DISTRIBUIDOR ELECTRICO 5 CUERPOS    ( CONTROL DE GATAS Y AUXILIARES),19-00031,06.01.00023,,UND,1,
LORENZANA,ROBOT SPRAYCON  20.10 - SCALER - HURON 4,224,ACOPLAMIENTO ELÁSTICO,40-540 A,04.12.00001,,UND,4,
LORENZANA,HURON 4,225,BOMBA DE FRENO , 30-149 C,06.06.00001,,UND,4,
LORENZANA,HURON 4,226,TRANSMISIÓN DELANTERA H4 MOTOR HMR 210,TRANS-0058, 04.08.00027,,UND,0,
LORENZANA,HURON 4,227,TRANSMISIÓN INTERMEDIA H4,TRANS-0013,04.08.00002,,UND,0,
LORENZANA,HURON 4,228,FRENILLO INTERIOR Ø60 DIN-472,TRANS-0013,10.01.60004,,UND,0,
LORENZANA,HURON 4,229,ENTRENAMIENTO BOMBA LINDE HPV135,,04.12.00008,,UND,0,
LORENZANA,HURON 4,230,ENTRENAMIENTO INTERNO BOMBA LINDE, 05-00034,04.12.00009,,UND,0,
LORENZANA,HURON 4 SERIE H4F-101806,231,PASTILLA FRENO MANO, 30-050,06.02.00013,,UND,0,
LORENZANA,SCALER - ROBOT 20.10,232,BOMBA DOBLE DE SERVICIOS EJE CHAVETERO,,,,UND,0,H
LORENZANA,ROBOT SPRAYCON  20.10 ,233,FILTRO SEPARADOR COMPRESOR,23-00076,08.05.00001,,UND,2,
LORENZANA,SCALER ,234,SENSOR TEMPERATURA ACEITE HIDRÁULICO, 01-00310,01-00310,,UND,3,
LORENZANA,HURON 4,235,BOBINA CON EJE 24V BOMBA LINDE HPV ( SPOOL DE BLOCK DE CON,,01.04.00019,,UND,2,
LORENZANA,ROBOT SPRAYCON  20.10 ,236,CASQUILLO DEL COJINETE DEL AGITADOR,44-00129,11.01.00010,,UND,2,D
LORENZANA,ROBOT SPRAYCON  20.10 ,237,CASQUILLO DEL COJINETE DEL AGITADOR,44-00130,11.01.00011,,UND,2,D
LORENZANA,SCALER ,238,TELEMANDO  SPRAYCON (TRANSMISOR),01-00738,01.15.00004,,UND,1,
LORENZANA,HURON 4,239,ACUMULADOR DE FRENO CARGADO A 50 BAR, 30-130,06.06.00002,,UND,1,
LORENZANA,,240,JUNTA DE 41/2,,,,UND,13,
RESEMIN,BOLTER 99,1,TAPA DE LLENADO DE 3/4 ,,,,UND,1,A
RESEMIN,BOLTER,2,KIT DE SELLOS CILINDRO DE EXTESION DE VIGA ,440632052,,,UND,1,A
RESEMIN,EMPERNADOR D5311,3,KIT DE SELLOS GATAS,,,,UND,1,A
RESEMIN,BOLTER,4,KIT DE SELLOS DE CILINDRO DE AVANCE ,,40650099,,UND,1,A
RESEMIN,BOLTER,5,SEAL KIT DE MOTOR DANFOSS 45-65,,,,UND,1,A
RESEMIN,BOLTER,6,DIAPHRAGM KIT,,86633963,,UND,1,A
RESEMIN,BOLTER,7,BS RING,,86248622,,UND,1,A
RESEMIN,BOLTER,8,ELEMENTO FILTRANTE DE RETORNO HIDRAULICO,,,,UND,2,A
RESEMIN,JUMBO MUKI,9,FILTRO DE BOMBA HIDROSTATICA ,,04005 05029,,UND,1,
RESEMIN,BOLTER,10,FILTRO DE ACEITE DE ALTA PRESON ,,VP1088082,,UND,0,
RESEMIN,BOLTER,11,FILTRO DE ACEITE ,,LF689,,UND,2,A
RESEMIN,BOLTER,12,FILTRO DE ACEITE,,L20064,,UND,1,A
RESEMIN,BOLTER 99,14,FILTRO SEPARADOR ,,FS19734,,UND,3,A
RESEMIN,BOLTER,15,FILTRO HIDRAULICO ,,HF6554,,UND,3,A
RESEMIN,BOLTER,16,FILTRO HIDRAULICO DE ACEITE DE LUBRICACION ,,936910Q,CMC,UND,3,A
RESEMIN,BOLTER,17,FILTRO DE AIRE PRIMARIO ,,C15300,,UND,1,A
RESEMIN,BOLTER,20,ANILLO DE SEGURIDAD ,,0119 00048,,UND,4,A
RESEMIN,BOLTER,21,FLAINA,,0105 00001,,UND,4,A
RESEMIN,BOLTER,22,RODANMIENTO DE RODILLOS CILINDRICOS ,,0170 03003-01,,UND,1,A
RESEMIN,BOLTER,23,BOMBA TRIPLE ,,,REPARADO,UND,0,PISO
RESEMIN,SMALL BOLTER,25,ENFRIADOR DE ACEITE HIDRAULICO REPARADO,,,FRANK COLOCARÁ N/P,UND,0,
RESEMIN,JUMBO MUKI - SMALL BOLTER,26,FILTRO DE AIRE COMPRESOR ,P606951,FMA-025,,UND,6,A
RESEMIN,JUMBO MUKI,27,CONJUNTO DE FILTRO DE ADMICION ,,C15300,,UND,4,A
RESEMIN,SMALL BOLTER,29,FILTRO HIDRAULICO DE LLENADO,,P550252,,UND,5,A
RESEMIN,JUMBO MUKI,30,CADENA DE RODILLO 100 H 4.80 MTS- CANDADO,,,,UND,1,
RESEMIN,JUMBO MUKI,31,UNIDADA DE GIRO,,,REPARADO,UND,1,PISO
RESEMIN,BOLTER 99,33,BOMBA HD DE PISTONES,,,,UND,1,PISO
RESEMIN,BOLTER 99,34,BOMBA DE AGUA ,,,,UND,0,PISO
RESEMIN,BOLTER,35,CILINDRO EXTENSION VIGA,,,REPARADO,UND,1,PISO
RESEMIN,BOLTER,36,CADENA ASA 100 HE ,12501004,,,UND,1,PISO
RESEMIN,BOLTER 99,37,ENFREIADOR TUBULAR ,,,,UND,1,PISO 
RESEMIN,JUMBO MUKI,39,BOMBA HIDRAULICA  DE SERVICIOS ,111.20.105.00,,,UND,1,B
RESEMIN,BOLTER 99,40,FILTRO SEPARADOR DE AIRE Y ACEITE,,P782915,,UND,1,A
